customer_city,avg_number_of_orders
"treze tilias",12.73
indaial,11.15
"sao jose dos campos",11.38
"sao paulo",11.56
"porto alegre",11.75
santos,11.61
"sao francisco do sul",12.35
"sao vicente",10.91
joinville,11.03
"sao vendelino",10.00
"belo horizonte",11.43
bage,10.48
gravatai,10.63
sumare,11.33
"rio de janeiro",11.47
navegantes,11.61
"chapada do norte",10.00
"frederico westphalen",10.71
contagem,11.44
curitiba,11.60
guaranta,10.00
miracema,10.53
"campo grande",11.43
rodeio,11.43
barueri,11.17
urussanga,10.00
osorio,11.71
"duque de caxias",11.48
"coronel joao sa",10.00
"santa cruz do rio pardo",10.86
itapolis,11.79
"sao bernardo do campo",11.42
serra,11.02
"lagoa santa",11.19
teresina,10.86
"sao caetano do sul",11.09
"astolfo dutra",12.73
tarabai,10.00
trindade,10.71
"vila velha",10.99
"nova prata do iguacu",11.67
itaquaquecetuba,10.53
macapa,11.48
salvador,11.41
osasco,11.46
guarulhos,11.28
manaus,11.22
brasilia,11.30
"cabo frio",11.47
itapetininga,12.21
"tres rios",10.26
"antonio carlos",10.00
goiania,11.89
niteroi,11.60
"nova friburgo",10.87
cotia,11.21
guaruja,11.65
ibia,13.75
mogi-guacu,11.65
"campos de julio",10.00
"nova laranjeiras",10.00
"ribeirao preto",11.46
ipatinga,11.81
monnerat,10.00
alagoinhas,10.75
ipero,10.56
"santo antonio de padua",12.26
"sao goncalo",10.94
natal,11.22
farroupilha,10.00
franca,12.52
"vargem grande paulista",11.14
nhandeara,10.00
"taboao da serra",11.34
vitoria,11.22
cascavel,12.09
vinhedo,12.23
caraguatatuba,12.39
florianopolis,11.68
canoas,11.15
guariba,10.00
limeira,11.80
tabatinga,10.00
chapeco,12.23
"belford roxo",10.90
"nova iguacu",11.46
"faxinal dos guedes",14.55
montenegro,10.63
"sao francisco de assis",10.00
"santa barbara",11.92
palhoca,12.02
ipiau,17.50
cajamar,11.62
recife,11.06
paranagua,12.17
"rio das ostras",11.62
mirassol,10.69
"boa esperanca do sul",10.00
criciuma,12.28
"sao leopoldo",11.06
xique-xique,10.00
"sao bento do sul",10.68
"laranjeiras do sul",11.50
cuiaba,11.98
ituverava,11.72
itajai,10.75
"santo antonio de jesus",11.00
"jaboatao dos guararapes",10.67
londrina,10.99
rafard,12.00
uberaba,11.27
"sao jose dos pinhais",10.92
barbacena,11.38
"correia pinto",10.91
"sao carlos",11.72
"sao roque",11.67
alvorada,10.71
"joao pessoa",11.77
"sao borja",10.00
fortaleza,11.20
"santo andre",11.24
"bonfim paulista",12.78
cubatao,11.01
guapore,15.56
muriae,11.56
belem,11.03
"francisco morato",11.12
videira,11.70
petropolis,11.85
senges,14.00
indaiatuba,11.80
botelhos,11.25
americana,11.86
"mata verde",13.33
ananas,10.00
aracatuba,11.73
"santa rosa de viterbo",13.57
apucarana,12.69
panorama,10.00
"mogi das cruzes",11.61
guarapuava,11.88
camacari,12.30
uberlandia,10.97
queimados,12.22
"caxias do sul",11.21
sorocaba,11.27
"jaragua do sul",12.47
"alta floresta",12.50
"barra mansa",11.16
bauru,11.04
cacapava,11.62
"rio formoso",10.00
taquarituba,11.25
marau,11.36
buritizeiro,15.56
"artur nogueira",12.20
campinas,11.57
"aparecida de goiania",11.09
"sao sepe",13.33
pelotas,11.30
aguai,19.00
"franco da rocha",10.55
marilia,10.66
"agua doce do norte",12.50
"novo gama",10.00
canarana,10.91
piracicaba,11.31
pontal,11.67
jundiai,11.71
maringa,11.87
"campos novos",15.71
dracena,14.07
"montes claros",11.33
teresopolis,10.84
"rio grande",10.65
araraquara,11.69
candiota,10.00
catanduva,10.93
"porto feliz",11.82
"palmeira dos indios",10.00
dumont,10.00
coromandel,12.00
"bom despacho",11.32
"santana de parnaiba",11.70
"conceicao dos ouros",10.00
cajueiro,10.00
"campo bom",11.67
araras,12.13
aracaju,11.05
itacare,10.00
icara,13.33
vacaria,11.30
diadema,11.62
"ouro preto",11.61
"ribeirao pires",11.21
atibaia,11.66
coxim,11.82
macae,11.48
barrinha,11.00
"volta redonda",11.01
guaratingueta,10.94
"campina grande",11.03
"cachoeiro de itapemirim",11.16
arapoti,11.11
itaipava,12.50
birigui,12.18
"trajano de moraes",10.00
bambui,10.56
"coronel fabriciano",10.49
juazeiro,11.14
"sao jose da lapa",10.00
dourados,11.56
ubatuba,11.45
"santa rita do sapucai",10.86
chavantes,10.00
olinda,10.54
guaratinga,10.00
"rio negro",10.00
"vargem grande",10.00
arapora,12.00
"pedra bela",10.00
blumenau,11.39
"agua fria de goias",10.00
"campo formoso",11.00
adamantina,10.56
"feira de santana",10.65
quirinopolis,11.43
itarare,13.93
"ponta grossa",11.48
"poco verde",10.00
itapetinga,10.56
"pedro velho",10.00
cerquilho,11.67
pitanga,10.00
paraopeba,10.00
itapevi,11.47
carmo,11.54
"pato branco",12.45
japeri,13.24
taubate,11.35
"sao jose do rio preto",11.41
"campos dos goytacazes",10.84
"rio brilhante",10.00
"vargem bonita",12.00
"balneario camboriu",11.90
forquilhinha,13.08
jau,11.51
sobral,10.29
"tres pontas",10.00
paulinia,11.16
"foz do iguacu",11.26
carapicuiba,11.57
bilac,12.50
itabuna,10.98
"desembargador otoni",10.00
lagoinha,10.00
seropedica,12.42
mangaratiba,11.67
avare,11.11
piracuruca,10.00
"sao joao nepomuceno",16.43
"sao jose do norte",11.43
"lauro muller",10.00
"itapecerica da serra",11.12
votuporanga,12.06
jandira,11.90
curvelo,11.63
patos,10.63
pindamonhangaba,10.59
cruzeiro,12.14
"sao jorge do ivai",20.00
eugenopolis,10.00
bebedouro,11.76
"valparaiso de goias",11.35
aracati,10.91
paracatu,12.22
itapaci,12.50
limoeiro,10.00
"sao joao da boa vista",11.73
"carlos barbosa",11.05
manhuacu,12.19
vicosa,11.87
"sao luis",11.24
valenca,10.81
"sao joao da barra",10.67
"rio claro",11.87
"santa clara do sul",15.00
lages,11.43
itabaianinha,15.00
"bom jesus",10.00
"monte alto",10.30
lorena,11.33
divinopolis,12.15
"ipiranga do norte",10.00
"tres coracoes",12.68
tombos,10.00
"bom jesus dos perdoes",10.59
viamao,11.64
"porto franco",10.00
petrolina,10.62
faxinal,10.00
"santa fe do sul",10.00
descalvado,10.77
jaboticabal,11.11
mossoro,10.83
cidreira,10.00
jaguariaiva,10.56
"sao jose da tapera",10.00
"juiz de fora",11.10
tocos,10.00
irati,10.45
valinhos,11.80
guaiuba,10.00
"itau de minas",10.00
"rio do sul",12.29
jussara,10.00
piumhii,10.71
"cruz das almas",11.11
uba,12.83
"rio branco",11.08
araruama,11.56
sandolandia,10.00
januaria,11.82
italva,10.71
guaracai,14.00
"cachoeira paulista",10.80
betim,11.00
bonfim,10.00
ibiruba,11.90
divino,10.71
umuarama,10.00
sinop,12.73
araucaria,12.04
picos,11.11
santarem,10.68
"monte aprazivel",12.00
ourinhos,12.21
espumoso,12.86
rancharia,10.91
varginha,11.12
cariacica,11.38
"santa luzia",11.43
pirassununga,10.72
"campos do jordao",10.38
linhares,11.85
urutai,10.00
"fazenda rio grande",10.34
salto,10.85
"lucas do rio verde",12.50
"almirante tamandare",10.86
gravata,13.64
fernao,10.00
"porto esperidiao",10.00
capelinha,10.53
barbalha,10.00
"carmo do rio claro",17.78
itaguai,10.42
"saudade do iguacu",10.00
"praia grande",11.41
ibatiba,10.00
querencia,11.00
"sao pedro da aldeia",10.87
uruacu,11.18
"para de minas",11.08
matipo,10.00
"lauro de freitas",11.33
chacara,10.00
"sao jose da coroa grande",10.00
"sao mateus",10.64
"sao joao da urtiga",10.00
"cruzeiro do sul",10.00
poa,11.76
cosmopolis,11.54
"nucleo residencial pilar",11.25
mantena,12.73
guaxupe,11.08
"cachoeira do sul",10.94
"nova odessa",11.84
amparo,11.21
"santa maria",11.78
pradopolis,12.00
piratininga,11.11
bertioga,11.04
"sao joaquim da barra",12.06
carai,13.33
"coelho neto",10.00
resende,11.71
jequie,10.59
silvianopolis,10.00
"teixeira de freitas",10.34
"nova venecia",10.00
"venda nova do imigrante",14.67
tijucas,10.00
"campo largo",11.62
cambe,11.11
porangatu,10.77
araguari,10.74
patrocinio,12.17
itapira,11.11
"santo amaro da imperatriz",11.67
"campos borges",10.00
"entre rios",10.00
"nova monte verde",13.33
itajuba,11.49
aracruz,10.50
"pouso alegre",11.30
paulista,11.90
"sao jose de uba",10.00
"barra do pirai",10.19
"teofilo otoni",12.53
"campina grande do sul",11.00
hortolandia,10.97
perdizes,12.50
votorantim,11.65
guarapari,11.04
"conselheiro lafaiete",10.36
botucatu,11.19
mairipora,11.07
"patos de minas",10.40
congonhas,11.67
glaura,10.00
"bom jesus do querendo",10.00
bituruna,10.00
"baixo guandu",13.75
jatai,11.11
capanema,13.08
pedreira,10.83
maua,10.85
maceio,10.57
"iguaba grande",13.68
"brejo da madre de deus",10.00
embu,13.64
cajuru,10.00
forquilha,10.00
"sao jose do rio pardo",11.59
moreno,14.00
leme,10.60
itanhem,10.00
guapimirim,10.45
cafeara,15.00
lajeado,11.37
"boa vista",11.33
"cachoeira de minas",10.00
matozinhos,10.00
jales,11.03
"sao sebastiao do paraiso",10.57
bonfinopolis,20.00
almenara,11.43
itapecerica,10.00
juquitiba,11.90
corumba,12.59
esteio,11.22
cedro,10.00
itaberaba,10.00
juscimeira,10.00
palmas,12.02
"santa barbara d'oeste",11.44
itanhaem,13.42
"ponta pora",12.78
"rio bonito",10.71
araquari,12.73
"monte mor",10.77
"pocos de caldas",12.69
floresta,10.91
"campo belo",10.00
"sao bento do sapucai",11.43
"sao miguel do oeste",12.00
barretos,11.51
"afonso claudio",10.00
"novo horizonte",11.11
jambeiro,15.00
"ouro branco",10.98
anapolis,11.34
marialva,11.88
marica,11.16
diamantina,10.74
"sao lourenco do sul",10.71
serrinha,11.33
"vitoria da conquista",11.67
castro,13.64
aruana,10.00
"campo mourao",11.43
jacarei,10.98
"uniao da vitoria",16.21
"monte carmelo",10.42
"cerqueira cesar",11.67
caete,10.37
colniza,10.00
pinhais,11.04
salgueiro,10.00
embu-guacu,12.39
itauna,11.23
buenopolis,12.00
"santa adelia",10.67
vassouras,12.43
prado,10.00
morungaba,10.00
fernandopolis,10.94
canela,11.18
loanda,11.54
prata,10.00
"terra roxa",11.67
"senhor do bonfim",13.16
registro,10.87
tupa,11.73
suzano,11.03
"encruzilhada do sul",10.00
"ribeirao das neves",12.02
urucuca,10.00
ivora,10.00
mage,11.98
"cornelio procopio",10.42
"buriti dos lopes",10.00
sorriso,12.50
ibiraci,10.00
"governador valadares",10.94
"santa maria da vitoria",11.54
"salto de pirapora",10.77
juina,10.59
aluminio,10.77
garca,11.79
itatiaia,10.56
guararapes,11.58
rolandia,12.59
taperuaba,10.00
parnamirim,11.11
mongagua,10.95
guacui,11.25
"santa isabel",11.38
"espigao do oeste",10.00
arapiraca,11.72
agudos,10.63
ribeira,10.00
"santa ines",12.00
assis,12.02
dourado,12.22
camaragibe,10.29
"barra do garcas",14.00
peabiru,10.00
caieiras,10.40
itabira,12.03
caruaru,12.66
"monte santo de minas",10.00
biguacu,10.00
"tres lagoas",11.19
"sete lagoas",10.94
taguatinga,17.14
regeneracao,10.00
"formosa da serra negra",10.00
"sao jose",11.79
"nova xavantina",11.00
tatui,11.37
"ferraz de vasconcelos",11.44
pirai,12.67
ivoti,10.00
arcos,11.20
castanhal,11.90
"armacao dos buzios",10.34
alfenas,12.33
"nossa senhora do remedio",10.00
conquista,10.00
"sao joao do piaui",13.33
"brasilia de minas",11.11
"sao sebastiao",13.00
"dom eliseu",12.00
inhumas,10.63
"pontal do parana",10.00
"cedro de sao joao",10.00
"vila muriqui",10.00
turvo,10.00
itatiba,11.03
"passo fundo",11.42
boituva,11.43
barreiras,11.35
gurupi,11.25
taio,12.00
"carmo do paranaiba",11.25
peruibe,14.55
"santa rita do passa quatro",12.22
"arroio do sal",12.86
palma,10.00
"alfredo chaves",10.00
ilhabela,11.11
"bento goncalves",11.45
"monte belo",16.00
fraiburgo,10.00
icem,12.22
penapolis,12.97
"braganca paulista",11.11
"campos altos",10.00
canoinhas,10.37
"passa tres",10.00
charqueada,10.00
juvenilia,15.00
"primavera do leste",11.07
miguelopolis,10.00
"juazeiro do norte",11.47
paranavai,12.39
janauba,16.47
feliz,10.71
"novo hamburgo",12.13
poxoreu,10.00
planaltina,11.00
"guaruja do sul",10.00
mineiros,12.00
mirandopolis,11.54
rubiataba,14.29
mococa,11.76
toledo,10.86
"presidente epitacio",11.30
paiva,10.00
carangola,11.85
"santa vitoria",10.00
"sao francisco do guapore",10.00
"aparecida do taboado",17.14
"nova bassano",12.50
inga,10.00
japi,10.00
formiga,10.63
cipo-guacu,10.00
formosa,11.47
petrolandia,10.71
"sao miguel do aleixo",10.00
"lencois paulista",10.70
"terra boa",10.00
arapongas,12.06
ipameri,10.77
xaxim,10.00
olimpia,11.08
maioba,10.00
"sao joao de meriti",11.74
"santa cruz do sul",12.90
cortes,10.00
barauna,10.00
minacu,10.91
quintana,10.00
banabuiu,10.00
"rainha do mar",10.00
corbelia,10.00
marituba,10.00
"mario campos",13.33
"porto seguro",12.75
"formoso do araguaia",10.00
"ponte nova",11.75
alegre,10.59
soledade,10.00
"paraiba do sul",11.11
"tangara da serra",10.00
igaratinga,10.00
piraju,13.89
santiago,12.69
"pedro leopoldo",12.50
"campo limpo paulista",10.63
pinhalzinho,12.86
crisolita,10.00
"lagoa dos gatos",10.00
"felipe guerra",10.00
"monte castelo",10.00
cordeiro,10.42
maracaju,12.31
arraias,10.00
itaobim,11.67
joanopolis,10.00
"santo antonio do caiua",20.00
"capitao leonidas marques",12.00
"cachoeiras de macacu",10.95
"rosario do sul",15.00
"embu das artes",10.73
eunapolis,11.05
igarata,10.00
concordia,12.80
"david canabarro",15.00
leopoldina,11.76
ibiuna,11.61
bicas,11.43
ecoporanga,10.00
"tres marias",10.00
"lavras da mangabeira",10.00
"nova lima",10.61
"rio novo do sul",11.67
itaborai,10.67
redentora,10.00
ariquemes,16.15
eusebio,16.15
"aracoiaba da serra",10.91
tambau,11.05
quatigua,10.00
andradina,11.86
goioere,10.91
liberdade,10.00
sertaozinho,11.94
"sapucaia do sul",12.25
araruna,10.00
piracaia,11.36
lavras,11.45
macaubas,15.56
"santo antonio do descoberto",12.00
"santa rosa",10.91
gramado,10.67
"porto uniao",10.00
itaberai,10.00
timoteo,11.89
"rio do antonio",15.00
pitangui,11.36
tubarao,11.17
"varzea grande",11.43
itapipoca,11.82
"dias d'avila",10.83
"sao joao do manhuacu",10.00
"santo augusto",11.11
bananeiras,12.00
aperibe,12.50
pitangueiras,10.63
igrejinha,11.76
estacao,10.00
"joao monlevade",11.57
gaurama,13.33
balsamo,15.00
guaicara,11.25
vianopolis,13.33
"francisco beltrao",11.35
saudades,17.50
"valenca do piaui",10.00
balsas,11.76
ipiranga,10.00
machado,10.95
"capao da canoa",11.84
"osvaldo cruz",13.13
itumbiara,12.78
veranopolis,14.44
aripuana,10.00
sarzedo,10.56
varre-sai,10.00
parati,10.77
guanambi,10.81
itabirito,11.38
abaetetuba,12.73
anaurilandia,10.00
cataguases,10.91
gameleiras,10.00
"rio verde",14.15
iracemapolis,11.11
apuiares,10.00
"engenheiro coelho",10.00
"ilha comprida",10.00
cacador,10.50
caravelas,10.00
camboriu,11.79
itapuranga,11.43
socorro,12.11
"nova cruz",10.00
saquarema,11.09
pacaja,10.00
cedral,10.00
muritiba,10.00
ico,11.25
sarandi,10.00
cuite,10.00
frutal,11.54
"godoy moreira",10.00
uaua,10.00
"limoeiro do norte",10.83
"santa rita do araguaia",10.00
iturama,10.00
"santa rosa de lima",10.00
"santa terezinha",10.00
quissama,11.54
itapiuna,10.00
nilopolis,11.03
queluz,10.00
batatais,11.07
"poco fundo",11.25
palmares,10.00
lindoia,11.11
urucurituba,10.00
"sao pedro",11.67
brumado,13.18
timbo,11.00
cordeiros,10.00
"sao luis de montes belos",12.50
brusque,10.50
"casimiro de abreu",11.00
"boa esperanca",10.50
ibitinga,10.91
valente,11.11
"alto paraiso de goias",30.00
"bom principio",10.00
"sao goncalo do rio abaixo",15.00
"nossa senhora do socorro",10.71
tiangua,10.00
"rio bananal",12.50
araxa,11.97
piuma,11.18
aurea,10.00
tucurui,11.76
parauapebas,12.59
taruma,11.11
ribeirao,10.00
itajobi,18.00
ijui,12.69
"lagoa vermelha",10.00
ibirataia,10.00
altamira,10.80
bayeux,14.29
"santo antonio da patrulha",10.59
lucelia,10.00
lins,11.27
maracanau,12.06
"comendador levy gasparian",11.43
"marechal candido rondon",10.97
gaspar,14.00
anchieta,10.59
firminopolis,10.00
itamarandiba,13.75
canapi,10.00
ipiabas,12.50
mairinque,11.60
"victor graeff",10.00
alcinopolis,13.33
cambuci,10.00
curitibanos,12.50
pariquera-acu,10.67
itagiba,10.00
una,10.00
ipaussu,12.86
taguai,11.00
anicuns,10.00
chorrocho,10.00
claudia,15.00
paragominas,10.53
"ze doca",10.00
capivari,10.29
ibiam,10.00
cocalinho,15.00
moncoes,10.00
"sao simao",10.00
jesuania,12.00
pederneiras,11.43
"campo novo do parecis",15.00
"tres de maio",11.67
catalao,12.35
caceres,12.40
"angra dos reis",12.59
"areia branca",10.00
"cacapava do sul",14.00
paranaiba,10.67
ipora,10.59
"santa cruz das palmeiras",10.00
"miguel pereira",11.43
humaita,10.00
"varzea paulista",10.90
"bom sucesso",10.00
"dores do indaia",12.86
louveira,10.45
casca,10.00
"vargem alta",10.00
camutanga,10.00
floriano,10.00
"sao ludgero",13.33
"conceicao das pedras",12.50
"centenario do sul",10.00
bandeirantes,10.71
florai,10.00
ibirama,13.08
uruguaiana,11.46
mossamedes,10.00
"bela cruz",10.00
"sao jose de ribamar",10.00
"aguas vermelhas",20.00
natividade,10.63
ibirite,10.20
extrema,10.68
ouricuri,10.00
"eldorado do sul",10.00
tucano,10.00
"laranjal paulista",11.76
"agua branca",12.00
tremembe,10.53
parobe,10.00
caraubas,10.00
"santo antonio do rio abaixo",10.00
lajedo,10.00
"sao tomas de aquino",13.33
garopaba,13.48
itaiopolis,13.75
araputanga,15.00
"sao joao batista",10.00
"nossa senhora de lourdes",10.00
araguaia,10.00
"trombudo central",10.00
"manoel viana",10.00
"concordia do para",10.00
aurora,12.00
"francisco badaro",13.33
ilheus,12.08
"porto xavier",14.00
"conceicao do araguaia",10.00
cardoso,10.00
alegria,10.00
caibi,10.00
pirapetinga,11.43
papucaia,11.00
"caldas novas",11.67
pompeia,14.12
colatina,12.46
barroso,13.64
"venancio aires",10.38
"quedas do iguacu",11.25
ampere,10.00
"sao sebastiao da serra",10.00
sapiranga,12.00
"mateus leme",11.11
matao,11.15
"joao pinheiro",11.25
"santa gertrudes",11.82
itaqui,18.89
"barra de sao francisco",10.00
lunardelli,10.00
barra,10.00
paranaita,15.00
"currais novos",11.25
"bom jardim de minas",13.75
oliveira,10.00
itapema,10.91
ipira,13.33
montalvania,13.33
"bom jesus do tocantins",10.00
"sao joao del rei",11.04
iraucuba,10.00
"uniao de minas",10.00
itapeva,11.58
jaguarao,12.50
"paraguacu paulista",10.00
imbe,13.08
"ouro fino",14.38
torres,12.35
itaperuna,11.49
irece,17.69
"sao joao",10.83
"cha grande",10.00
"antonina do norte",20.00
promissao,10.00
paranapanema,11.82
echapora,15.00
materlandia,10.00
utinga,10.00
"sao luiz gonzaga",11.33
"agua boa",11.67
virginia,10.00
"espera feliz",10.00
brotas,10.83
"salgado filho",13.33
santana,13.85
"general carneiro",10.00
mirandiba,10.00
caconde,11.00
"terra rica",10.00
"nova santa rosa",10.00
"pirapora do bom jesus",10.63
ararangua,11.11
"serra negra",12.14
"ronda alta",18.33
"paulo afonso",11.54
guaramirim,10.77
joacaba,10.38
ibicarai,10.00
cravinhos,12.50
viana,11.54
"vargem grande do sul",10.00
"corumba de goias",10.00
aquidauana,10.00
"sao martinho",10.00
itu,10.89
"pantano grande",10.00
porangaba,10.00
tocantins,10.00
diamantino,10.00
urupes,12.00
"santos dumont",10.45
mesquita,12.63
itaocara,11.25
piumhi,13.33
crixas,11.25
portalegre,15.00
aruja,11.16
jaguare,10.71
"rio negrinho",10.77
"rio manso",10.00
taua,10.00
"raul soares",11.67
"presidente venceslau",13.60
bocaiuva,10.00
brazopolis,10.00
"santa maria madalena",10.00
goianapolis,10.00
saloa,13.33
estrela,10.00
"novo mundo",10.00
"perola d'oeste",10.00
turmalina,11.00
gameleira,10.00
"rio preto",10.00
"americo brasiliense",10.59
charqueadas,10.59
coruripe,10.00
"serra talhada",13.00
viradouro,13.89
"varzea alegre",10.00
jatauba,10.00
"nova prata",10.63
piedade,10.87
"rio acima",11.25
quatis,12.00
"engenheiro beltrao",10.00
altos,10.00
perdoes,11.11
quata,10.83
sacramento,16.15
livramento,10.00
canavieiras,10.00
imperatriz,11.00
aparecida,10.00
paripiranga,10.00
"aguas lindas de goias",10.83
jaguariuna,13.28
"santo estevao",12.00
"sao pedro do sul",10.00
espinosa,20.00
igarape,13.00
montanha,12.00
"capao bonito",11.79
"alto do rodrigues",12.50
coimbra,10.00
"marcos parente",10.00
carvalhopolis,10.00
ituacu,13.33
"peixoto de azevedo",10.00
cabreuva,10.00
"ouro verde",10.00
caratinga,11.45
tapiratiba,10.00
porteirinha,10.00
guarani,10.00
taquari,11.82
sananduva,10.00
denise,10.00
triunfo,12.14
riolandia,10.00
resplendor,10.00
"primeiro de maio",10.00
"conceicao do para",10.00
lupercio,10.00
sirinhaem,10.00
itaituba,13.33
"novo oriente do piaui",10.00
tupancireta,15.00
paraty,12.11
"sao goncalo do sapucai",10.00
descoberto,10.00
arrozal,10.00
candeias,10.00
"aguas de lindoia",11.36
pentecoste,10.00
"capinzal do norte",10.00
rondonopolis,11.23
iguatu,12.00
orlandia,12.86
crateus,10.00
propria,10.00
"wenceslau braz",15.00
"luis eduardo magalhaes",11.94
"monte alegre do sul",11.67
"ilha solteira",10.83
adolfo,10.00
"tres coroas",10.00
"oscar bressane",10.00
angulo,13.33
capinopolis,10.91
maripa,13.33
luisburgo,15.00
"cerro azul",10.00
jeceaba,11.67
aiuruoca,10.00
"pindorama do tocantins",10.00
jarinu,11.05
araguaina,10.00
cantagalo,10.48
goianira,11.25
colombo,12.30
"maria da fe",10.00
"sao jose do vale do rio preto",10.83
schroeder,10.00
trancoso,15.00
itiquira,10.00
"balneario picarras",12.22
cambui,11.82
ipubi,13.33
mucuri,10.00
"abre campo",10.00
"sao mateus do sul",13.33
itaguacu,11.11
urubici,13.33
parai,10.00
"lagoa da confusao",10.00
tramandai,11.20
sabino,10.00
sobradinho,12.22
"porto de pedras",10.00
altonia,10.00
"mata de sao joao",10.83
reboucas,11.67
tabira,10.00
"santa maria de jetiba",13.33
altinopolis,10.00
"ribeirao branco",10.00
campestre,10.00
"santana do paraiso",11.88
cachoeirinha,11.67
indiaroba,10.00
"estancia velha",14.00
coribe,10.00
tabapora,10.00
"sao joao das missoes",10.00
"porto velho",11.38
pacoti,10.00
holambra,11.30
"presidente prudente",11.31
vespasiano,11.40
garanhuns,11.94
garibaldi,11.11
parnaiba,11.30
itapiranga,10.91
"mojui dos campos",10.00
"luis antonio",12.86
guaira,12.09
altinho,10.00
jaguaruana,10.00
cafelandia,11.50
"conselheiro pena",12.00
inaciolandia,13.33
cameta,10.00
maracai,13.75
quevedos,10.00
palmital,11.05
araguapaz,10.00
jumirim,16.67
jequitinhonha,10.00
vilhena,11.67
bombinhas,10.00
ibema,10.00
timon,10.67
cacequi,12.50
astorga,10.00
imbituba,10.59
"vila nelita",15.00
"pereira barreto",10.00
"santo antonio do jardim",12.00
"regente feijo",13.00
"matias barbosa",12.31
"santa fe de goias",10.00
faxinalzinho,10.00
marilandia,10.00
areias,20.00
"morada nova",10.00
"campo maior",11.43
"marilandia do sul",10.00
mostardas,10.00
"gastao vidigal",10.00
fronteira,11.67
"sao joao d'alianca",10.00
salesopolis,12.00
"santa cecilia do pavao",10.00
"santo antonio de posse",10.00
"ruy barbosa",11.43
"fortaleza dos valos",10.00
piranguinho,12.22
guarai,15.00
jaua,10.00
jacobina,10.00
"serra do salitre",10.00
tavares,10.00
"senador modestino goncalves",10.00
rubim,10.00
igarassu,10.77
"mogi mirim",11.45
"nova era",10.67
"sao joaquim de bicas",12.50
acailandia,10.00
arcoverde,10.00
gandu,10.00
"dom cavati",10.00
camocim,11.25
"assis chateaubriand",11.67
"conceicao do castelo",10.00
bacabal,12.73
taiobeiras,10.77
cocal,10.00
"mirassol d'oeste",10.00
"martins soares",10.00
"riacho de santana",12.50
conchal,11.05
"campos belos",10.00
passos,10.70
joviania,10.00
aimores,10.00
nazare,10.00
"casa branca",10.00
jacare,12.50
ituiutaba,12.18
venturosa,10.00
tiete,12.78
"barra do mendes",10.00
"candido de abreu",12.50
"soledade de minas",10.00
"santo angelo",12.17
junqueiropolis,12.67
"monte siao",11.00
"capao do leao",12.50
"joaquim nabuco",10.00
penha,10.59
"santa izabel do oeste",10.00
"cruz alta",10.63
"pedro ii",10.00
"sao domingos do norte",10.00
"montividiu do norte",10.00
"candido mota",10.63
jaguaribe,10.00
"nova serrana",11.37
"limeira do oeste",15.00
"rio do campo",15.00
oros,10.00
xanxere,12.07
"lagoa dourada",12.00
berilo,10.00
"sao gabriel",10.43
"rio branco do sul",10.00
paraibano,13.33
"sao lourenco",11.82
amapora,15.00
"santa cecilia",15.71
aracuai,10.00
perdigao,10.00
laguna,15.71
iacanga,11.67
carazinho,10.00
lagarto,10.00
"santo antonio do sudoeste",10.00
sapezal,10.00
"paulo de faria",14.00
flores,20.00
indianopolis,10.00
"santa barbara do para",10.00
bonito,10.00
"major vieira",10.00
ibarama,10.00
"santo anastacio",12.94
esperantinopolis,10.00
"cicero dantas",23.00
"chapadao do ceu",11.25
braganca,11.11
acaiaca,10.00
cianorte,11.28
catu,11.00
mallet,11.67
erechim,10.86
"alem paraiba",10.36
"bom jesus da lapa",12.22
ivaipora,10.00
taquara,10.48
"mineiros do tiete",10.00
nuporanga,10.00
missal,10.00
jacarezinho,10.00
acreuna,12.86
arace,10.00
"arraial do cabo",13.45
"domingos martins",10.00
"simao dias",10.00
"feira nova",12.00
angatuba,10.00
"lagoa formosa",11.43
lapa,12.86
"sao miguel do araguaia",14.00
"cidade gaucha",16.00
"espirito santo do turvo",15.00
"barra do turvo",13.33
"rio dos cedros",10.00
"novo progresso",14.00
"sao marcos",11.11
"sao goncalo do abaete",10.00
porciuncula,12.50
"dores de campos",10.00
"nova petropolis",11.25
virginopolis,15.00
"mimoso do sul",10.00
itupeva,13.86
"barra de sao joao",14.62
manhumirim,10.00
taquarivai,10.00
esperanca,10.00
chopinzinho,10.00
martinopolis,12.50
jardinopolis,10.77
urai,10.00
"nova olimpia",10.00
"santa rita",10.00
pinheiral,10.71
"pedrinhas paulista",10.00
"novo repartimento",10.00
"santa helena",10.83
pesqueira,10.00
"nova esperanca",13.75
guararema,10.00
carapebus,10.00
"tres cachoeiras",14.29
chui,10.00
"nova aurora",10.00
satubinha,15.00
alpestre,10.00
"dores do rio preto",12.50
capinzal,12.00
olindina,10.00
luziania,10.91
paraisopolis,10.67
"monte formoso",10.00
caxambu,10.00
"santo antonio das missoes",12.50
"joaquim tavora",13.33
"sao miguel arcanjo",10.00
"cristiano otoni",10.00
"sao jorge do patrocinio",10.00
caetite,10.00
"nova olinda do maranhao",10.00
oeiras,10.00
mirai,12.22
"mar de espanha",11.11
"igaracu do tiete",10.00
ervalia,10.00
"siqueira campos",11.11
"sao manuel",10.00
"arraial d'ajuda",10.00
"mar vermelho",10.00
"rio casca",12.00
"protasio alves",10.00
munhoz,12.50
crato,10.53
muqui,12.50
apiaca,10.00
"novo oriente de minas",10.00
"ribeira do amparo",10.00
"cabo de santo agostinho",10.48
werneck,10.00
"valentim gentil",10.00
"ielmo marinho",10.00
"santa cruz do capibaribe",12.31
"corumbatai do sul",10.00
bariri,12.67
"espirito santo do pinhal",10.56
lamim,10.00
sabara,10.48
tailandia,10.00
"ceu azul",10.00
"macuco de minas",10.00
"benedito novo",15.00
maranguape,10.00
niquelandia,11.43
escada,11.00
"bom jardim",10.00
aragarcas,10.00
conchas,10.00
motuca,10.00
"santana do araguaia",13.33
"capivari de baixo",10.00
"bom retiro do sul",10.00
piritiba,11.67
esmeraldas,11.43
"vera cruz",10.45
"conceicao de macabu",10.77
"coronel macedo",10.00
itabaiana,12.50
"alto araguaia",10.00
"grao mogol",10.00
japuiba,16.00
"braco do norte",12.00
assai,12.00
ipumirim,10.00
recreio,10.00
"sao lourenco da serra",12.50
"dias d avila",10.00
ceres,10.00
nanuque,11.20
"porto ferreira",12.22
"conceicao do jacuipe",10.00
paraguacu,15.00
"sao jose da boa vista",10.00
"manoel ribas",12.50
divinolandia,10.00
"cerro largo",15.71
"novo cruzeiro",10.00
caracol,10.00
planalto,10.00
imbau,10.00
"santo amaro de campos",10.00
"sao jose da barra",11.67
cururupu,10.00
sapucai-mirim,10.00
florestal,10.00
"campo azul",10.00
"bom jesus do itabapoana",12.50
goncalves,13.33
"ouro preto do oeste",10.00
"sao domingos",10.00
uruara,11.67
cambara,14.00
ladario,12.00
potirendaba,12.22
cacu,12.50
pratapolis,10.00
"paraiso do tocantins",11.00
brejoes,10.00
"conceicao do mato dentro",12.50
guaraci,10.00
iconha,10.00
cordeiropolis,13.75
ipojuca,10.00
jeremoabo,10.00
sume,10.00
guaranesia,11.11
pauliceia,20.00
dionisio,10.00
"nova europa",10.00
bacuri,10.00
carlopolis,10.00
"lagoa nova",10.00
piraquara,12.14
"alto rio novo",10.00
piracanjuba,11.00
"augusto correa",10.00
piquete,10.00
"buenos aires",10.00
cunha,11.43
itamaraju,10.00
goianesia,12.78
"nova granada",11.05
jequitiba,10.00
unai,10.56
"santa juliana",11.11
penedo,10.00
tapejara,10.00
luminarias,10.00
baguari,10.00
carneirinho,10.00
tanabi,10.91
"alto parnaiba",10.00
araci,13.33
maragogi,10.00
picarras,10.00
castilho,12.00
uniao,10.00
"reserva do cabacal",10.00
pinhao,11.11
"pedra branca",10.00
"restinga seca",10.00
"santa cruz de goias",15.00
"dom pedrito",11.00
itapicuru,10.00
"antonio cardoso",10.00
quilombo,10.00
"guaraciaba do norte",10.00
"cachoeira alta",11.67
curaca,10.00
"simoes filho",11.90
mafra,11.92
"monte azul paulista",12.11
natercia,10.00
taquaritinga,11.21
sombrio,11.82
irineopolis,10.00
urupa,10.00
seara,11.67
saboeiro,10.00
"rio pardo",10.00
"sao jeronimo",12.86
"icarai de minas",10.00
tabapua,10.83
duere,10.00
ibaiti,10.00
manduri,10.00
"sao goncalo do rio preto",10.00
"santa vitoria do palmar",12.50
"nova hartz",20.00
barrolandia,10.00
vigia,10.00
arvorezinha,10.00
"novo planalto",10.00
"santa tereza do oeste",10.00
vanini,10.00
caibate,15.00
bastos,10.59
navirai,12.50
"nova erechim",10.00
"antonio pereira",10.00
ibitiuva,10.00
baturite,10.00
"urbano santos",10.00
roncador,10.00
teutonia,12.14
lourdes,10.00
tomazina,10.00
ibimirim,10.00
alvinopolis,11.82
girua,11.00
medianeira,11.36
"santana da boa vista",10.00
"porto nacional",11.25
"aguas de sao pedro",10.00
encantado,10.91
japira,16.67
"paco do lumiar",10.00
"paraiso das aguas",10.00
itarana,20.00
"pedro de toledo",12.22
mariopolis,10.00
"cocal do sul",10.00
xavantina,10.00
"presidente medici",10.00
"ametista do sul",10.00
jucurutu,10.00
salinas,12.73
canudos,10.00
"anita garibaldi",10.00
pirangi,10.00
cachoeira,10.00
"varzea da palma",10.00
granja,10.00
"salto do itarare",10.00
"fernando prestes",11.67
sertao,16.67
"varzea do poco",10.00
"gaucha do norte",15.00
"sao bonifacio",10.00
juatuba,15.00
itabirinha,10.00
braunas,10.00
"sao jose do belmonte",10.00
"sao jose do barreiro",10.00
castelandia,10.00
itabatan,10.00
guanhaes,10.56
"paty do alferes",15.38
"sao goncalo do amarante",10.83
esperantina,10.00
brodowski,14.00
"cardoso moreira",10.00
itambe,10.00
bataguassu,12.00
"inubia paulista",10.00
pacotuba,10.00
inhauma,10.00
iaciara,10.00
"dona emma",10.00
inconfidentes,35.00
"santa cruz de salinas",10.00
"conceicao do coite",11.11
buritis,11.25
"campo alegre",12.50
paracambi,10.29
serrana,10.00
mamanguape,16.67
coroata,11.11
"cruz machado",10.00
sulina,10.00
"nova alvorada do sul",20.00
sidrolandia,10.91
"ipixuna do para",10.00
"governador portela",10.00
itapura,10.00
"sao bras do suacui",10.00
maracana,25.00
ventania,10.00
"conceicao do rio verde",12.00
paracuru,10.00
"santa salete",10.00
alcobaca,10.00
guarei,10.00
"pilar do sul",11.67
"ribeirao bonito",10.00
"silveira carvalho",10.00
itapui,10.00
"santo antonio do amparo",12.50
maraba,10.00
"mira estrela",10.00
pedrinopolis,16.67
"santana do livramento",14.50
matinhos,12.22
areiopolis,10.00
cassia,10.00
campinorte,11.43
"sao joao do paraiso",10.00
"rio grande da serra",10.38
pilar,10.00
"presidente bernardes",10.00
macaiba,10.00
"canaa dos carajas",10.00
cajati,10.00
formoso,10.00
jacupiranga,10.00
turvelandia,10.00
claudio,10.45
simonesia,10.00
cajuri,10.00
quixabeira,16.67
"machadinho d'oeste",10.00
palotina,10.00
mandaguari,13.33
corinto,10.00
"pindare mirim",10.00
xangri-la,11.25
cumaru,10.00
"piedade de caratinga",11.43
"chapada dos guimaraes",10.00
jari,10.00
"santa quiteria",10.00
"dezesseis de novembro",10.00
"nova ponte",11.11
igaci,10.00
lobato,10.00
"colonia vitoria",12.00
"bady bassitt",11.43
"pio ix",10.00
"nova andradina",12.73
"campo verde",10.00
"flores da cunha",11.67
cananeia,10.00
arceburgo,11.43
lucena,10.00
catanduvas,10.00
"sao gotardo",12.50
iguape,10.00
palmeira,10.67
"capitao eneas",20.00
"sao bernardo",10.00
maravilha,10.00
itaperucu,10.00
surubim,10.00
guaiba,11.94
paicandu,10.00
cantanhede,10.00
lambari,12.50
orindiuva,10.00
floreal,10.00
guape,10.00
"capim branco",10.00
itirucu,10.00
"tres passos",10.91
"carmo de minas",10.00
"santa brigida",10.00
"sao sebastiao da grama",10.00
"serra dourada",10.00
"conceicao da aparecida",20.00
mendes,11.67
itatinga,10.00
andarai,10.00
tocantinopolis,11.43
itauba,10.00
goiana,10.00
itapitanga,10.00
tracuateua,10.00
mansidao,10.00
"fazenda vilanova",10.00
sumidouro,10.00
"rondon do para",14.44
guaratuba,11.11
iacu,10.00
orleans,10.00
sericita,10.00
caiana,10.00
muzambinho,11.11
"sao felipe",10.00
reserva,13.33
ivate,10.00
tangua,10.00
"estiva gerbi",10.00
cocos,10.00
humildes,10.00
morrinhos,13.33
"nova fatima",10.00
"nova russas",10.00
"rio pardo de minas",12.00
gouveia,12.50
luzilandia,10.00
"sao lourenco do oeste",10.00
baependi,12.50
"bocaiuva do sul",10.00
"abelardo luz",10.00
camamu,10.00
"sao benedito",14.00
ivinhema,13.33
bezerros,10.91
pojuca,10.77
"lagoa da prata",10.91
mariana,10.30
"barra velha",12.00
andradas,11.67
"conceicao das alagoas",10.00
ituporanga,10.67
"senador canedo",11.25
"alto rio doce",10.00
missi,10.00
"castro alves",10.00
"candido mendes",20.00
"presidente juscelino",10.00
butia,10.00
ibipora,12.50
tamarana,15.00
ourizona,10.00
capitolio,22.00
"trindade do sul",10.00
goias,10.00
janduis,10.00
"oeiras do para",10.00
"carmo do cajuru",12.00
"barra do tarrachil",10.00
carbonita,10.00
"santa barbara do sul",10.00
"santa cruz cabralia",10.00
caucaia,10.57
"santa branca",10.00
"dois vizinhos",11.43
brumadinho,12.69
goianinha,13.33
itanhandu,10.71
"satiro dias",10.00
"sao joaquim",12.22
palmitos,10.00
"chapadao do sul",11.43
"barra de santo antonio",10.00
"santo antonio do monte",10.67
jordania,10.00
"bras pires",10.00
morretes,10.00
"barbosa ferraz",13.33
"sao sebastiao do cai",13.85
"morro da fumaca",10.00
"sao miguel do iguacu",10.00
"campo ere",11.43
itaja,10.00
mozarlandia,10.00
"flor da serra do sul",10.00
"belo vale",10.00
catuipe,12.50
nazario,10.00
"rolim de moura",10.00
urucui,12.50
"bom conselho",10.00
"cachoeira do campo",10.00
tucunduva,10.00
imbituva,12.50
guara,13.00
"sao geraldo",12.50
"alvaro de carvalho",10.00
"medeiros neto",10.00
macieira,20.00
brauna,10.00
"sao jose da laje",10.00
"rio largo",10.00
"serafina correa",10.00
"cedro do abaete",10.00
"sao mateus de minas",10.00
"nova canaa do norte",13.33
piau,10.00
ibate,10.77
centralina,10.00
"arroio trinta",10.00
caarapo,10.00
"entre folhas",10.00
"campo do meio",10.00
ubaitaba,10.00
"avelino lopes",10.00
galia,10.00
"inacio martins",10.00
"santa maria da serra",10.00
carpina,10.00
ananindeua,11.14
jaru,10.00
codo,13.75
jacutinga,11.05
ubai,10.00
"pedra azul",10.00
ocaucu,10.00
"pirai do sul",11.67
"agua santa",10.00
panambi,11.18
"grandes rios",10.00
"adhemar de barros",10.00
igrapiuna,10.00
"nova campina",10.00
jaciara,10.00
cristalina,10.00
"santa rosa do sul",10.00
"serra azul de minas",10.00
"santa ernestina",10.00
"mata roma",10.00
andorinha,10.00
"balneario arroio do silva",10.00
"sao luiz do norte",10.00
alhandra,10.00
"entre rios de minas",10.00
ipu,10.00
chapada,10.00
"coronel vivida",10.91
guapiacu,10.00
aratuba,10.00
vermelho,10.00
"monsenhor tabosa",10.00
tanhacu,10.00
"nova londrina",10.00
aracariguama,10.00
herval,10.00
"desterro do melo",10.00
"messias targino",10.00
pedreiras,13.33
"nova boa vista",10.00
nepomuceno,11.11
"campo do tenente",10.00
"sao miguel do tapuio",10.00
"belo jardim",10.83
iramaia,10.00
xinguara,11.11
mucuge,10.00
japura,16.00
pirajui,13.33
caico,10.00
"vale do sol",10.00
acarau,11.25
piratini,10.00
custodia,12.00
iepe,12.00
grajau,10.00
cruzilia,10.00
ibiai,10.00
"sao francisco",10.56
"novo jardim",10.00
baldim,10.00
edeia,10.00
"silva jardim",15.00
bofete,16.67
bodoco,10.00
alagoa,10.00
marataizes,10.63
"telemaco borba",10.88
congonhal,10.00
"presidente dutra",10.67
maristela,12.50
"santa cruz",10.00
piacatu,10.00
perola,10.00
"alvorada do norte",10.00
"sao miguel do gostoso",10.00
pacaembu,10.00
"boa vista da aparecida",10.00
umbauba,10.00
itaguaru,10.00
"nazare paulista",11.43
araguatins,10.00
cruz,11.43
"joao camara",10.00
"sao felix do xingu",11.25
arinos,10.00
"california da barra",13.33
"palmeiras de goias",10.00
"resende costa",10.00
"general salgado",10.00
iretama,10.00
colorado,11.11
"santa albertina",12.86
"cesario lange",10.00
"sao rafael",10.00
ipaba,11.25
ibipitanga,10.00
cajazeiras,10.91
"gramado dos loureiros",10.00
"hidreletrica tucurui",13.33
"costa marques",10.00
"lavras do sul",10.00
carandai,11.82
"porto real",11.43
bocaina,10.00
torrinha,10.00
bequimao,10.00
"marechal floriano",12.00
horizontina,11.43
angelina,10.00
mariluz,10.00
bananal,13.33
"visconde do rio branco",11.11
"riacho dos machados",10.00
"colorado do oeste",10.00
biritiba-mirim,12.00
realeza,13.33
posse,11.25
"santa cruz do piaui",10.00
"pastos bons",10.00
combinado,10.00
jatoba,10.00
"sao jose do rio claro",10.00
california,10.00
arapei,10.00
"presidente tancredo neves",10.00
rolante,10.00
pongai,12.50
boraceia,10.00
"dois corregos",10.91
guadalupe,12.50
"afogados da ingazeira",10.00
itacarambi,10.00
itaueira,10.00
"igreja nova",10.00
"barra do corda",14.29
"breu branco",10.00
"passagem franca",20.00
remanso,10.00
macedonia,10.00
"antonio prado de minas",10.00
"santana da vargem",10.00
itaporanga,12.86
"antonio prado",14.00
"sao gabriel da palha",10.00
miracatu,16.00
"celso ramos",65.00
"agua clara",10.00
"jeronimo monteiro",10.00
"julio de castilhos",10.00
"areia branca dos assis",10.00
tapera,10.00
"cerro grande do sul",10.00
catende,10.00
itanhomi,10.00
camacan,11.67
ibicoara,10.00
"pau dos ferros",10.00
teixeiras,11.67
ji-parana,11.18
confresa,10.00
"rio do pires",12.50
"rodolfo fernandes",10.00
"sao joao do manteninha",10.00
pecanha,10.00
rodeiro,10.00
taboquinhas,10.00
"borda da mata",10.00
igarapava,10.00
mombuca,10.00
alexandrita,20.00
"serranopolis do iguacu",10.00
"sales oliveira",10.00
curuca,10.00
comodoro,11.43
"passo de torres",10.00
"taquaritinga do norte",14.29
pirapora,11.67
"carnaiba do sertao",20.00
itapirapua,10.00
mandaguacu,10.00
"bom jesus do galho",10.00
"pilao arcado",10.00
"carmo da mata",10.00
alexania,12.00
"divisa nova",10.00
goianorte,10.00
contenda,10.00
"floresta do araguaia",10.00
pardinho,20.00
jandaira,10.00
"sao fidelis",10.43
"sao pedro do turvo",10.00
bodo,10.00
palmopolis,10.00
serrania,10.00
"senhora dos remedios",10.00
travesseiro,10.00
pirenopolis,10.00
merces,10.00
paraibuna,11.00
"euclides da cunha",10.00
"sud mennucci",10.00
"santo antonio do grama",10.00
"sao gabriel do oeste",12.86
nazareno,10.00
"vila flores",10.00
palminopolis,10.00
sangao,10.00
apiacas,10.00
camaqua,14.62
"muquem do sao francisco",10.00
"santa mariana",10.00
"aguas belas",13.33
rosana,10.00
itabela,10.00
"rio novo",10.00
"catole do rocha",11.67
pompeu,11.82
guaraciaba,10.00
"pontes e lacerda",10.00
"sao sebastiao do alto",15.00
"nova resende",10.00
"arroio do meio",11.00
"jardim do serido",10.00
orobo,10.00
ibiassuce,10.00
rosario,10.00
"conceicao do tocantins",10.00
azurita,10.00
guapiara,10.00
mambai,10.00
pinhalao,10.00
"dom silverio",10.00
caxias,10.00
fervedouro,12.50
sobralia,10.00
"santo antonio do leste",10.00
imbuia,12.50
primavera,11.11
"euclides da cunha paulista",10.00
"olho d'agua das cunhas",10.00
parapua,11.25
carutapera,10.00
colider,12.50
"rio fortuna",10.00
tome-acu,10.00
"palmeira das missoes",10.63
rodelas,10.00
pirapozinho,10.71
guarabira,11.00
alegrete,11.43
"otacilio costa",12.00
itamonte,13.00
itariri,11.67
"conceicao da barra",10.00
"alto santo",10.00
milha,15.00
bandeira,10.00
"capao do cipo",16.67
"jose bonifacio",10.83
"formosa do rio preto",23.33
"santa rita de caldas",11.67
"nova ipixuna",20.00
"campos sales",12.50
"sao tome",10.00
condor,12.50
colina,10.00
palestina,10.00
"vila valerio",12.50
"santa cruz do prata",10.00
araripe,10.00
campanario,10.00
ibirarema,10.00
biritinga,10.00
moju,10.00
"santo antonio do taua",10.00
"santo cristo",10.00
"sao carlos do ivai",10.00
"teotonio vilela",13.75
"paraiso do norte",10.00
aracitaba,10.00
toritama,10.00
ortigueira,10.00
garuva,10.00
arari,10.00
itaipulandia,10.00
"pimenta bueno",10.00
"amelia rodrigues",10.00
sousa,11.43
"madre de deus",10.00
urania,15.00
quixada,10.00
murucupi,10.00
"brejo santo",12.00
ipigua,10.00
neropolis,14.29
pimenta,10.00
"barra bonita",11.03
"santana do acarau",10.00
meleiro,10.00
"nossa senhora de caravaggio",10.00
paraipaba,10.00
itabera,11.43
"herval d'oeste",15.56
inhuma,10.00
"porto dos gauchos",10.00
"sao joao do sul",10.00
wagner,10.00
antonina,10.00
pinheiros,10.00
russas,12.22
roseira,10.00
malacacheta,17.14
"salto do ceu",10.00
"sao roque do canaa",10.00
catarina,10.00
"agua limpa",10.00
"diamante d'oeste",10.00
moncao,10.00
correntina,15.00
"dois riachos",10.00
"porto estrela",10.00
"bela vista de goias",11.43
"coronel martins",10.00
"tres barras",10.00
"monte belo do sul",20.00
"eneas marques",12.50
condeuba,10.00
poloni,10.00
crisopolis,10.00
raposos,15.45
turvolandia,10.00
itutinga,10.00
virgolandia,10.00
nao-me-toque,12.86
"augusto pestana",10.00
itueta,15.00
"pouso redondo",10.00
"alto parana",10.00
"quatro barras",11.67
"rio pomba",11.67
pimenteiras,10.00
prudentopolis,11.43
"salto do jacui",12.50
conservatoria,17.50
valparaiso,10.00
"sao sebastiao do passe",10.00
cristina,11.25
buritirama,10.00
"joao alfredo",10.00
"onda verde",10.00
ubirata,10.00
"senador pompeu",10.00
pindobacu,10.00
"cariri do tocantins",15.00
papanduva,12.50
emilianopolis,10.00
alpercata,10.00
"catas altas",10.00
"rio real",13.33
fartura,12.00
"dois irmaos",11.18
camanducaia,11.11
arenopolis,10.00
clevelandia,16.67
palmitinho,10.00
paulistania,10.00
chapadinha,13.33
"alvares machado",10.00
"sao joao do triunfo",10.00
"piedade do rio grande",13.33
"jose de freitas",10.00
"salto da divisa",10.00
pontalina,10.00
"chapada gaucha",10.00
"sao romao",12.00
auriflama,11.00
oroco,10.00
jacuizinho,10.00
"vermelho novo",10.00
corumbaiba,10.00
catigua,10.00
"pedra preta",12.00
avanhandava,10.00
"jandaia do sul",15.00
jaragua,10.00
laurentino,10.00
"belo oriente",20.00
piripiri,10.00
"sao jose do ouro",12.00
"tenente portela",10.00
"sao miguel do anta",20.00
"arroio grande",13.33
castanheira,10.00
"barao de cocais",10.56
varzelandia,10.00
"barra do ribeiro",10.00
"boa viagem",10.00
pacatuba,10.00
"cachoeira de pajeu",10.00
mantenopolis,10.00
canitar,10.00
milagres,10.00
coroados,10.00
itaguara,10.00
vere,10.00
guabiju,10.00
janiopolis,13.33
"eloi mendes",11.00
"santo antonio do aracangua",10.00
cangucu,10.71
piranga,10.00
medina,11.67
indiara,12.50
itambacuri,13.33
vitorino,10.00
abaete,10.00
"eliseu martins",10.00
"figueiropolis d'oeste",10.00
caldas,12.00
guaraniacu,10.00
"pinheiro machado",10.00
carambei,13.33
buique,10.00
"simao pereira",10.00
"campina verde",10.00
redencao,10.63
imaculada,10.00
serrolandia,10.00
lavinia,10.00
barro,10.00
jaguarembe,10.00
crucilandia,10.00
ubaira,10.00
"pires do rio",14.17
"santa maria da boa vista",10.00
anitapolis,10.00
ipanema,12.86
canelinha,10.00
colombia,10.00
"sitio do quinto",10.00
"santa luzia do parua",10.00
"costa rica",11.67
"abreu e lima",12.73
"nova santa rita",11.67
careacu,15.00
parelhas,10.00
"vitoria de santo antao",11.33
ibotirama,12.86
"anta gorda",10.00
coaraci,10.00
hidrolandia,10.00
lajinha,10.00
prados,10.00
itubera,13.33
"rodeio bonito",15.00
"rio das pedras",10.91
cassilandia,16.00
"conceicao da feira",15.00
"balneario pinhal",11.43
tupaciguara,12.31
celina,10.00
guarda-mor,10.00
"rio tinto",10.00
"barros cassal",13.33
papagaios,12.50
caxingo,10.00
"santo antonio do aventureiro",10.00
"brejo grande",10.00
"belem do sao francisco",10.00
saltinho,14.00
"bom jesus da penha",10.00
"claro dos pocoes",10.00
ribeiraozinho,10.00
jauru,10.00
"lago verde",10.00
pequi,10.00
alterosa,10.00
vereda,10.00
"rancho queimado",10.00
"elias fausto",12.00
"timbe do sul",10.00
silveiras,16.67
cacoal,10.83
"alto taquari",10.00
"ribeirao do sul",13.33
"sao fernando",10.00
cosmorama,13.33
"lagoa do piaui",10.00
jequitai,10.00
"arroio do tigre",10.00
boquira,10.00
"santo antonio do planalto",10.00
sucesso,10.00
"campo do brito",10.00
"atilio vivacqua",10.00
"bela vista do paraiso",10.00
florestopolis,13.33
"varzea nova",10.00
"barra do jacare",10.00
inhambupe,10.00
"santa isabel do ivai",10.00
"teodoro sampaio",10.00
carius,13.33
chale,10.00
estancia,13.33
manga,10.00
"santana do deserto",10.00
"santa cruz de monte castelo",10.00
uirauna,20.00
jandaia,20.00
altaneira,20.00
buerarema,10.00
"cambara do sul",20.00
castelo,10.00
juruaia,10.00
irani,10.00
"sao felix do araguaia",20.00
araripina,12.50
"novo cabrais",10.00
"nossa senhora das gracas",10.00
"ribeirao vermelho",15.00
"carmo da cachoeira",10.00
"riachao das neves",10.00
cacaulandia,10.00
"ipora do oeste",10.00
avelar,10.00
"sao desiderio",10.00
tumiritinga,10.00
goiatuba,11.00
"cabeceira grande",10.00
"irai de minas",10.00
"teresina de goias",10.00
"senador guiomard",15.00
panelas,10.00
erebango,10.00
botupora,10.00
"nova esperanca do sudoeste",10.00
"santa maria de itabira",12.50
curralinho,40.00
guapo,10.00
"bela vista",10.00
"morro agudo",20.00
ipua,32.50
"vila pereira",10.00
"palmares paulista",10.00
itapoa,10.00
cristinapolis,10.00
brasilandia,10.00
potiragua,11.43
"ribeirao claro",14.00
balbinos,10.00
"ponto do marambaia",10.00
itamari,10.00
"sao francisco de itabapoana",10.67
"lagoa d'anta",10.00
"divinolandia de minas",10.00
caiua,10.00
"nova roma",10.00
carire,10.00
jucurucu,10.00
rianapolis,10.00
pedra,10.00
"santo antonio",20.00
"guarani das missoes",10.00
"cruzeiro da fortaleza",10.00
mascote,10.00
gravatal,10.00
"morro do chapeu",12.86
"presidente olegario",10.00
peritiba,10.00
"bonito de minas",10.00
"santa quiteria do maranhao",10.00
analandia,10.00
"fazenda nova",10.00
tucuma,10.00
"guaranta do norte",10.00
barreirinhas,10.00
"barra do choca",10.00
"gabriel monteiro",10.00
"dionisio cerqueira",20.00
"sao miguel do guama",10.00
"braco do rio",10.00
sabinopolis,10.00
puxinana,10.00
delfinopolis,16.67
arapoema,10.00
"sao joao da parauna",10.00
pinhotiba,10.00
"frei martinho",10.00
hidrolina,10.00
fundao,10.00
goitacazes,10.00
"sitio novo do tocantins",20.00
"terra de areia",10.00
ceara-mirim,10.00
paineiras,10.00
madalena,10.00
"sao bento do una",10.00
carlinda,10.00
"olho d'agua das flores",10.00
"bom retiro",10.00
progresso,10.00
itai,12.00
machacalis,10.00
jacui,10.00
itinga,13.33
"colonia leopoldina",15.00
canapolis,10.00
"doutor ulysses",20.00
datas,60.00
pedralva,16.67
cotriguacu,10.00
"tanque d'arca",10.00
macatuba,15.00
jupi,10.00
"nova floresta",10.00
jaboti,10.00
"alfredo wagner",10.00
pirpirituba,10.00
"palmeira d oeste",10.00
"aguas da prata",12.00
"joaquim pires",10.00
camapua,10.00
mangueirinha,11.11
"oliveira dos brejinhos",10.00
"campestre da serra",10.00
"palmeira d'oeste",10.00
"candido sales",10.00
"diogo de vasconcelos",15.00
seabra,11.67
"diamante do norte",12.00
estreito,10.00
"uruana de minas",10.00
"sao joao da ponte",10.00
itaoca,10.00
"rio de contas",10.00
deodapolis,10.00
"palmares do sul",10.00
"sao miguel dos campos",25.00
irara,10.00
"arroio dos ratos",10.00
"mendes pimentel",10.00
"bom repouso",10.00
"santa teresa",11.00
cavalcante,10.00
"hulha negra",10.00
paulistana,13.33
"roque gonzales",10.00
xexeu,10.00
"santo antonio das queimadas",10.00
"sao geraldo do baguari",10.00
macaubal,20.00
"santa cruz do timbo",10.00
jaguaracu,10.00
"maximiliano de almeida",10.00
acopiara,11.43
buriticupu,12.00
coremas,10.00
monteiropolis,10.00
"mariano moro",10.00
"carmopolis de minas",12.00
sertania,10.00
"dom basilio",13.33
coxilha,10.00
"monte alegre de minas",12.50
"campinas do sul",10.00
"aparecida d'oeste",10.00
amargosa,10.00
chiapetta,10.00
"sao valentim",10.00
"livramento de nossa senhora",12.00
pinheiro,10.00
"sao tiago",10.00
"sao miguel do cambui",10.00
"paulo frontin",12.00
"santo antonio do pinhal",10.00
porecatu,10.00
"presidente getulio",10.00
itaju,16.67
rinopolis,10.00
"catu de abrantes",15.00
"serra de sao bento",10.00
"peri mirim",10.00
"colinas do tocantins",10.00
tapurah,10.00
mutuipe,10.00
"santo antonio da platina",11.67
"sao mateus do maranhao",13.33
paranapua,10.00
"pedro canario",10.00
atalaia,10.00
damianopolis,10.00
mutum,11.25
"brasil novo",10.00
candelaria,12.50
tuparece,10.00
sarapui,10.00
glorinha,10.00
pindai,10.00
"planaltina do parana",10.00
ibiracatu,10.00
taparuba,10.00
tracunhaem,10.00
"dom aquino",10.00
buritama,13.33
"sao jose da bela vista",13.33
"volta grande",10.00
"roca sales",10.00
aquiraz,10.00
areia,10.00
"rio das flores",10.00
"sao raimundo nonato",15.71
anadia,10.00
"sao pedro dos ferros",10.00
"nova esperanca do sul",30.00
marmeleiro,12.86
caetanopolis,10.00
"campos gerais",10.00
jacaraci,10.00
"divino das laranjeiras",10.00
carrancas,10.00
"morro reuter",13.33
ibicare,10.00
guinda,10.00
"rancho alegre",10.00
pien,10.00
"leoberto leal",10.00
canhotinho,10.00
carolina,10.00
figueira,12.50
"alto boa vista",18.00
"paraiso do sul",10.00
treviso,10.00
"sao jose do cedro",12.00
barreiros,10.00
"sao jose de mipibu",10.00
"monte azul",10.00
"vila nova do sul",10.00
acegua,10.00
ilhota,10.00
areado,10.00
rubiacea,10.00
"joao lisboa",10.00
brejo,10.00
"deputado irapuan pinheiro",10.00
"santa amelia",10.00
"santa fe",10.00
"sao joao de iracema",10.00
"mirante do paranapanema",10.00
taiuva,18.00
novais,10.00
montezuma,10.00
guajara-mirim,10.00
breves,10.00
"taquaracu de minas",10.00
"ribas do rio pardo",10.00
"ribeirao do pinhal",10.00
"santa helena de goias",11.11
"sao lourenco do piaui",10.00
heliopolis,10.00
"severiano melo",10.00
areal,11.43
andira,12.73
segredo,20.00
"sao sebastiao do maranhao",10.00
buri,10.00
duartina,12.00
"santo antonio do itambe",10.00
"demerval lobao",10.00
"caicara do norte",10.00
ipueiras,20.00
santaluz,10.00
pejucara,15.00
jaguari,10.00
luiziania,10.00
serrita,10.00
"jose da penha",10.00
conceicao,10.00
ilopolis,10.00
apiai,13.33
maurilandia,10.00
parauna,10.00
"morada nova de minas",13.33
"sao joao evangelista",10.00
"porto firme",10.00
"florida paulista",10.00
"mutum parana",10.00
"alto horizonte",15.00
"joao neiva",11.25
mendonca,10.00
arantina,10.00
"sao cristovao",11.43
"madre de deus de minas",10.00
"porto alegre do norte",10.00
populina,20.00
"domiciano ribeiro",10.00
guabiruba,10.00
tuparetama,10.00
guamiranga,10.00
"itapirapua paulista",10.00
"porto belo",10.00
"bernardino de campos",10.00
"prudente de morais",10.00
piranhas,10.00
irapua,12.50
"espigao alto do iguacu",10.00
"poco de pedra",10.00
viseu,10.00
jaiba,10.00
"coqueiro baixo",10.00
barcarena,10.00
"palma sola",10.00
telha,10.00
loreto,10.00
condado,10.00
"rosario do ivai",10.00
capela,30.00
"vitoria do mearim",10.00
ipaumirim,10.00
rifaina,10.00
"salto do lontra",17.50
"santa helena de minas",15.00
"cachoeira da prata",15.00
taciba,10.00
araujos,10.00
boninal,15.00
"posto da mata",10.00
"passa tempo",10.00
inaja,10.00
"nova brescia",10.00
taiacu,10.00
"monte carlo",10.00
"carlos chagas",10.00
"rio paranaiba",13.33
raposo,13.33
"vila dos cabanos",10.00
uruburetama,10.00
horizonte,10.00
"alto alegre",10.00
placas,10.00
central,10.00
"jijoca de jericoacoara",10.00
"pocoes de paineiras",20.00
"americano do brasil",10.00
"serra do ramalho",10.00
"erico cardoso",10.00
"uniao da serra",10.00
ingai,10.00
almas,20.00
ararica,10.00
meridiano,10.00
iguatama,10.00
"capim grosso",10.00
canaa,10.00
"boa vista das missoes",10.00
"gloria do goita",10.00
clementina,10.00
"lagoa real",10.00
"casa nova",10.00
corrente,15.00
uruoca,15.00
amambai,13.33
esplanada,10.00
mari,10.00
itapagipe,10.00
"minas novas",12.50
"neves paulista",10.00
matupa,12.86
colinas,12.50
pomerode,12.22
juquia,11.11
"ouro verde do oeste",10.00
juara,12.00
tiros,10.00
upanema,16.67
itaquirai,10.00
ceilandia,10.00
suzanapolis,10.00
cansancao,10.00
"frei gaspar",10.00
japoata,10.00
"barra de sao miguel",10.00
"holambra ii",12.00
"lagoa de velhos",10.00
lindoeste,10.00
"ribeira do pombal",10.00
campinapolis,10.00
uchoa,10.00
"nova palma",10.00
britania,10.00
"sao francisco do conde",10.00
"novo sao joaquim",10.00
maravilhas,10.00
jaqueira,10.00
vieiras,10.00
iati,10.00
cristalia,10.00
"novo barreiro",10.00
paraju,10.00
"sao jorge d'oeste",10.00
"sao paulo do potengi",10.00
"conceicao da ibitipoca",10.00
"aguas formosas",12.00
"vila langaro",10.00
"balneario rincao",10.00
lencois,20.00
itaara,10.00
apiuna,10.00
"nova soure",10.00
"santa margarida",10.00
campinacu,10.00
"coracao de jesus",10.00
itaitinga,10.00
"engenheiro paulo de frontin",11.67
oriente,13.33
lontras,10.00
"mato verde",20.00
itapaje,10.00
"serra bonita",10.00
putinga,10.00
"rio maria",10.00
"munhoz de melo",10.00
silvania,10.00
apodi,10.00
arandu,12.50
"ouro verde de minas",10.00
ibertioga,10.00
"alta floresta d'oeste",10.00
"getulio vargas",10.00
capetinga,10.00
"porto trombetas",10.00
"pareci novo",10.00
orizania,10.00
alcantara,20.00
"cunha pora",10.00
trairi,15.00
ferros,10.00
marinopolis,10.00
aracoiaba,10.00
aramari,10.00
"santo eduardo",10.00
"tres arroios",10.00
"sao jose da vitoria",10.00
"lagoa salgada",10.00
ibira,10.00
"ouro verde de goias",10.00
"santana do serido",15.00
ichu,10.00
tapes,10.00
"barao de cotegipe",10.00
severinia,12.00
reginopolis,10.00
"frei inocencio",10.00
buritizal,10.00
"pau d'arco",10.00
"campina da lagoa",15.00
itupiranga,10.00
"sao jose do egito",10.00
alvarenga,10.00
arealva,12.50
"sao bernardino",10.00
"querencia do norte",10.00
"senador cortes",20.00
"campo grande do piaui",10.00
"passa quatro",11.00
erere,10.00
iracema,10.00
espigao,10.00
"engenheiro passos",10.00
"bueno brandao",10.00
herveiras,10.00
"rio azul",10.00
cubati,10.00
mogi-mirim,10.00
"uniao dos palmares",10.00
"sao domingos do prata",12.50
"jardim abc de goias",10.00
jacunda,11.67
itiuba,10.00
paranacity,10.00
portelandia,10.00
"sao joao dos patos",10.00
claraval,10.00
"angelo frechiani",10.00
frecheirinha,10.00
"dom feliciano",14.00
pereiro,10.00
"pitanga de estrada",10.00
"sao joao do ivai",10.00
"porto acre",10.00
"mara rosa",10.00
"nossa senhora do o",10.00
macaparana,10.00
"centro novo do maranhao",10.00
"pato bragado",10.00
"capela do alto",10.00
paramirim,14.00
"coronel freitas",10.00
sapucaia,11.67
lavrinhas,10.00
"itapejara d'oeste",11.67
"aguia branca",10.00
pocoes,10.00
"tobias barreto",10.00
tejupa,10.00
"julio mesquita",15.00
pirajuba,10.00
juru,10.00
indiapora,10.00
tururu,10.00
caninde,10.00
capistrano,10.00
"pouso alto",10.00
macau,10.00
"serra dos aimores",10.00
itamira,10.00
"sao pedro do ivai",10.00
"quinta do sol",10.00
anguera,10.00
"ipiranga do sul",10.00
cajobi,11.25
"couto de magalhaes",10.00
"boqueirao do leao",10.00
"flora rica",10.00
queimadas,11.11
"nova mutum",10.00
juruena,10.00
"vargem grande do soturno",10.00
campanha,12.86
"redencao da serra",10.00
guapirama,10.00
"riacho das almas",10.00
"riachao do jacuipe",10.00
"novo alegre",10.00
"sao jose do hortencio",10.00
"santa cruz de minas",10.00
cabedelo,10.00
"america dourada",10.00
"salvador do sul",10.00
"sao vicente ferrer",10.00
ibitioca,10.00
"padre carvalho",70.00
xambre,10.00
"cachoeira dourada",10.00
sanharo,13.33
"nova veneza",10.00
"lagoa do carro",10.00
"martinho campos",10.00
laranjal,10.00
inhapim,10.00
"governador celso ramos",10.00
"garrafao do norte",10.00
bataipora,10.00
"balsa nova",10.00
"aguas claras",10.00
periquito,10.00
"tiradentes do sul",10.00
"vitorino freire",10.00
"porto amazonas",10.00
benevides,10.00
"pontes gestal",10.00
"balneario barra do sul",10.00
"serranopolis de minas",10.00
sapeacu,15.00
paranhos,10.00
ascurra,10.00
passira,20.00
quipapa,10.00
pescador,10.00
brazabrantes,10.00
itatim,13.33
"senador firmino",10.00
"goianesia do para",10.00
"alvares florence",15.00
"sao francisco do humaita",10.00
andrequice,10.00
abaira,10.00
"nova luzitania",10.00
selbach,10.00
"dario meira",10.00
"angical do piaui",10.00
"sao sebastiao da boa vista",10.00
felisburgo,10.00
"sao lourenco da mata",10.83
"nova trento",10.00
coluna,10.00
"dom pedro",16.67
ubaporanga,13.33
"santo amaro",12.00
"sao joao batista do gloria",10.00
tiradentes,20.00
"presidente kubitschek",10.00
mambore,10.00
wanderley,10.00
"cristais paulista",10.00
travessao,12.50
"ilha dos valadares",10.00
araponga,10.00
mairi,15.00
cabrobo,10.00
itapemirim,10.00
"belo campo",10.00
parambu,12.50
carmopolis,10.00
indiana,10.00
"santa terezinha de itaipu",10.00
glicerio,10.00
"pedro osorio",10.00
narandiba,10.00
miranorte,15.00
inocencia,10.00
"santa isabel do para",11.67
"santa isabel do rio preto",10.00
"murutinga do sul",10.00
"tanque novo",10.00
irupi,10.00
orizona,10.00
dobrada,10.00
jerico,10.00
jaquirana,10.00
"vista alegre do alto",10.00
cambira,15.00
cotegipe,10.00
assare,10.00
iuna,10.00
"francisco sa",10.00
"fontoura xavier",10.00
bacaxa,10.00
zacarias,10.00
"lagoa do ouro",10.00
"serra azul",10.00
coari,10.00
"sao pedro do iguacu",10.00
fronteiras,10.00
uruana,13.33
romaria,10.00
"sao jorge",10.00
"abadia dos dourados",10.00
pacajus,11.67
"sitio novo",10.00
patu,10.00
jardim,10.00
"barao do triunfo",10.00
ivai,10.00
pirapo,10.00
"sao miguel",12.50
"sao benedito do sul",10.00
"brejo do cruz",10.00
icapui,10.00
miranda,10.00
rincao,10.00
umburatiba,10.00
"nova independencia",10.00
"senador amaral",15.00
riachuelo,10.00
carajas,10.00
"junco do serido",10.00
jequeri,10.00
iraquara,12.00
anta,10.00
caraiba,10.00
toropi,10.00
ressaquinha,10.00
caetes,10.00
parisi,10.00
ravena,10.00
"estrela velha",10.00
"sao jose do calcado",11.67
ita,10.00
cristais,13.33
rechan,10.00
tangara,10.00
"mata grande",15.00
"baixa grande do ribeiro",10.00
sanclerlandia,12.50
"ilha de itamaraca",10.00
maragogipe,10.00
magda,10.00
"sao miguel do guapore",12.50
timburi,10.00
"alto alegre do maranhao",10.00
"alagoa nova",10.00
"terra nova do norte",10.00
"quilometro 14 do mutum",10.00
"dona euzebia",10.00
"moreira sales",10.00
"nova olinda",20.00
quatituba,10.00
tibagi,10.00
"vera cruz do oeste",10.00
ibiapina,10.00
itajuipe,20.00
miradouro,10.00
paranaiguara,10.00
"marcelino vieira",10.00
quixeramobim,10.00
"boca da mata",10.00
"santana do sobrado",10.00
goiabeira,10.00
"santo antonio da alegria",10.00
entre-ijuis,13.33
"alegrete do piaui",10.00
jaguaruna,10.00
"santa lucia",10.00
pombal,11.67
pedregulho,30.00
"benedito leite",10.00
"lindoia do sul",10.00
estiva,10.00
"jardim alegre",10.00
pontao,10.00
vera,13.33
itobi,10.00
"princesa isabel",20.00
"cocalzinho de goias",10.00
"nova canaa",10.00
arenapolis,15.00
apora,10.00
embauba,10.00
"tres forquilhas",10.00
paraiso,10.00
"barra do bugres",10.00
"rancho alegre d'oeste",10.00
"andre da rocha",10.00
ritapolis,13.33
carnaubais,10.00
"patrocinio do muriae",10.00
pindoba,10.00
"mato leitao",15.00
"divinopolis do tocantins",10.00
cocais,10.00
"cabralia paulista",10.00
massaranduba,16.67
sonora,10.00
porteiras,10.00
alpinopolis,10.00
carmolandia,10.00
pugmil,10.00
"colonia castrolanda",26.67
sardoa,10.00
tutoia,10.00
joselandia,10.00
piacabucu,10.00
"cha de alegria",10.00
"senhora de oliveira",20.00
jussari,10.00
renascenca,10.00
grupiara,10.00
sertanopolis,12.50
"delmiro gouveia",15.00
itapage,10.00
silvanopolis,10.00
itabi,10.00
varjota,12.50
jaci,10.00
"ponto dos volantes",10.00
"varjao de minas",10.00
borrazopolis,15.00
"sao jose do turvo",10.00
zortea,10.00
caputira,10.00
"santana do jacare",10.00
"alto paraiso",10.00
moreilandia,10.00
"visconde de maua",10.00
"engenheiro navarro",10.00
"pires ferreira",10.00
"nova alvorada",13.33
piratuba,10.00
"alto jequitiba",10.00
"nova redencao",10.00
"santo antonio do jacinto",12.50
eldorado,12.86
itirapina,10.00
"candeias do jamari",10.00
cruzalia,13.33
mussurepe,10.00
cambiasca,10.00
"mimoso de goias",10.00
verissimo,10.00
douradina,10.00
quixere,10.00
"itapecuru mirim",10.00
"sao pedro de alcantara",10.00
tamandare,10.00
"balneario gaivota",10.00
pains,20.00
"novo machado",10.00
timbauba,10.00
"santo expedito",10.00
"pouso novo",10.00
"sao roque de minas",10.00
miraima,10.00
"novo oriente",10.00
"jacinto machado",10.00
vicencia,10.00
borborema,10.00
cristalandia,10.00
tarumirim,10.00
"jundiai do sul",10.00
itaguaje,10.00
urandi,15.00
"sao jose do cerrito",10.00
"pedro afonso",10.00
pindorama,10.00
"desterro de entre rios",10.00
"paulo lopes",10.00
"rio piracicaba",10.00
mombaca,10.00
mucambo,10.00
oiapoque,10.00
abare,10.00
"estrela do norte",10.00
"sao jose do ribeirao",10.00
arembepe,15.00
dianopolis,12.86
"bandeirantes d'oeste",10.00
itambaraca,15.00
maracacume,10.00
pingo-d'agua,10.00
"vargem alegre",10.00
parana,10.00
ibicuitinga,10.00
rubelita,10.00
"sao cristovao do sul",10.00
"jenipapo de minas",10.00
jaguaquara,10.00
"monte alegre de sergipe",10.00
palmeiras,10.00
"bonfinopolis de minas",10.00
"arraial d ajuda",10.00
"governador eugenio barros",10.00
serio,10.00
guidoval,10.00
japaraiba,10.00
"riacho da cruz",10.00
"santa rita da floresta",10.00
"lagoa de sao francisco",10.00
picarra,40.00
correntes,10.00
"sao geraldo da piedade",20.00
"jose boiteux",30.00
"vila flor",10.00
"manoel urbano",10.00
paudalho,10.00
fatima,13.33
caiaponia,10.00
salmourao,10.00
"sao jose do inhacora",10.00
"capivari do sul",10.00
"morro da garca",10.00
"felicio dos santos",10.00
"ourilandia do norte",14.00
"rio do oeste",10.00
"santa maria do para",10.00
paranatinga,15.00
"sao bento",10.00
"ribeiro junqueira",10.00
"barro alto",10.00
tapinas,10.00
"formosa do oeste",10.00
"bom jesus do norte",10.00
tupandi,10.00
nipoa,10.00
"pocao de pedras",10.00
"miguel calmon",12.00
caririacu,10.00
candoi,20.00
"conselheiro mairinck",10.00
guzolandia,10.00
solanea,20.00
"sao jose dos cordeiros",10.00
"sao paulo das missoes",15.00
"piedade dos gerais",10.00
"castelo do piaui",20.00
"terra nova",10.00
"francisco dantas",10.00
santanesia,10.00
"dom joaquim",10.00
jacinto,10.00
"santana do capivari",10.00
barracao,10.00
"carnauba dos dantas",10.00
itororo,20.00
pocinhos,13.33
tuparendi,10.00
portao,11.00
quarai,10.00
itape,10.00
irapuru,10.00
"graccho cardoso",10.00
"duas barras",10.00
agrolandia,10.00
jamapara,10.00
"mae do rio",10.00
seberi,10.00
"central de santa helena",10.00
pocrane,10.00
ilicinea,10.00
alambari,10.00
"cabo verde",10.00
"rio bonito do iguacu",10.00
cambuquira,12.00
"sao joaquim do monte",10.00
caparao,10.00
matutina,10.00
"ministro andreazza",10.00
baianopolis,10.00
"maua da serra",10.00
"nacip raydan",10.00
farol,10.00
"pedra lavrada",10.00
medicilandia,10.00
"sao francisco de paula",10.00
lagoao,10.00
itarantim,16.67
"alto caparao",10.00
calmon,10.00
adrianopolis,10.00
"foz do jordao",10.00
acari,10.00
"lebon regis",10.00
"mundo novo",11.67
matelandia,10.00
"sao jose do serido",10.00
"sao clemente",10.00
sales,10.00
itapora,10.00
itatiaiucu,10.00
"lago da pedra",10.00
bodoquena,10.00
banzae,10.00
pindoretama,10.00
"leandro ferreira",10.00
"santa barbara d oeste",10.00
"altamira do parana",10.00
piripa,10.00
"paulo jacinto",10.00
"marques de souza",10.00
nobres,10.00
"sucupira do norte",10.00
"carmo do rio verde",10.00
corumbatai,10.00
solonopole,10.00
"colonia jordaozinho",25.00
"sao pedro da uniao",10.00
coroaci,10.00
"lima duarte",10.00
"agua doce",20.00
"barra de santa rosa",10.00
comercinho,10.00
corupa,10.00
ouroeste,11.82
"pedra do indaia",10.00
"rio das antas",10.00
"bento de abreu",15.00
"coracao de maria",10.00
vicentinopolis,10.00
"aguas frias",10.00
juranda,10.00
"barra de guabiraba",10.00
bataypora,10.00
"governador lindenberg",10.00
"tres fronteiras",10.00
"tabocas do brejo velho",10.00
extremoz,10.00
arneiroz,20.00
pote,10.00
"caldeirao grande",10.00
agronomica,10.00
ciriaco,10.00
"ponte serrada",10.00
luiziana,10.00
apuarema,10.00
"santa fe de minas",10.00
"sao felix de minas",10.00
mairipotaba,10.00
"monte bonito",10.00
cravolandia,10.00
"barao ataliba nogueira",10.00
tapiramuta,10.00
abrantes,10.00
"dona francisca",10.00
machados,10.00
"antonio goncalves",10.00
"coronel pacheco",10.00
"sao jose do divino",10.00
"alvorada d'oeste",20.00
"vila reis",10.00
"sao joao do oriente",10.00
"laje do muriae",10.00
"quatro bocas",10.00
"monsenhor paulo",10.00
amarante,10.00
"alianca do tocantins",15.00
berizal,10.00
maiquinique,10.00
"sao sebastiao de campos",10.00
"santana do itarare",10.00
seringueiras,10.00
"grao para",10.00
iomere,10.00
"tupi paulista",13.33
"barra da estiva",12.86
"paula freitas",20.00
"lagoinha do piaui",10.00
"presidente alves",10.00
itagi,10.00
"estrela do indaia",10.00
pequizeiro,10.00
iapu,12.50
"laranjal do jari",15.00
caturama,10.00
"gramado xavier",10.00
"santa rita d'oeste",10.00
juruti,10.00
"nova itaberaba",10.00
"alto alegre do pindare",10.00
"alagoa grande",10.00
lupionopolis,10.00
martinesia,10.00
itaguari,10.00
cristal,10.00
"nova america",10.00
"morro vermelho",10.00
arapua,10.00
vitorinos,10.00
barras,10.00
corguinho,10.00
"sebastiao leal",10.00
"morro agudo de goias",10.00
"padre paraiso",10.00
tacaratu,10.00
"aurora do para",10.00
xapuri,10.00
"lagoa da canoa",10.00
buriti,30.00
setubinha,13.33
guimarania,10.00
"novo brasil",10.00
"nova ubirata",10.00
"sao pedro da agua branca",10.00
jesuitas,10.00
"novo lino",10.00
"cruzeiro do oeste",11.43
ibipeba,10.00
uibai,10.00
elisiario,10.00
araguacu,10.00
"sao jose dos quatro marcos",10.00
"liberato salzano",10.00
diorama,10.00
"nova esperanca do piria",10.00
independencia,10.00
"cidade ocidental",11.25
"estrela d oeste",10.00
marilena,10.00
"aparecida de sao manuel",10.00
"frutuoso gomes",10.00
"gentio do ouro",10.00
jaguapita,10.00
"barra dos coqueiros",10.00
"matriz de camaragibe",10.00
"curral de cima",10.00
"campo alegre de goias",10.00
"nova bandeirantes",12.50
"nossa senhora da gloria",10.00
miraguai,10.00
ubirajara,10.00
ribeiropolis,10.00
xambioa,10.00
amaraji,10.00
"candido rodrigues",10.00
jacarau,10.00
quitandinha,10.00
"barro preto",10.00
"nossa senhora das dores",10.00
"serra dos dourados",10.00
mata,10.00
"presidente kennedy",10.00
andrelandia,16.67
cerejeiras,10.00
"sao bras",10.00
cacule,13.33
"tabuleiro do norte",10.00
"corrego do ouro",10.00
"antonio martins",10.00
riqueza,10.00
jaraguari,10.00
fortuna,10.00
jaboticatubas,20.00
"lagoa grande",10.00
"lagoa do mato",10.00
"presidente lucena",10.00
"sao jose do piaui",10.00
"santo antonio do palma",10.00
"alfredo vasconcelos",10.00
itacoatiara,20.00
ibiaca,10.00
"wenceslau guimaraes",10.00
"mae d'agua",10.00
"magalhaes de almeida",10.00
"santa luzia do norte",10.00
"santana do mundau",13.33
pintadas,10.00
"divino de sao lourenco",10.00
"capela nova",10.00
"divisa alegre",10.00
pancas,10.00
"francisco dumont",10.00
"alto garcas",10.00
ariranha,10.00
"lagoa dos patos",10.00
pocao,10.00
"nova roma do sul",10.00
"miranda do norte",10.00
"nova america da colina",10.00
saubara,10.00
luz,10.00
"corrego danta",20.00
inimutaba,15.00
beberibe,10.00
kalore,10.00
"nova canaa paulista",10.00
caseiros,10.00
"bias fortes",10.00
doverlandia,10.00
ocara,10.00
"itaporanga d'ajuda",10.00
tapirai,10.00
"gaviao peixoto",10.00
desterro,10.00
vargem,10.00
"senador salgado filho",10.00
"itaju do colonia",10.00
"lajeado grande",10.00
pedrao,10.00
icaraima,10.00
cacimbinhas,10.00
meruoca,10.00
"santo hipolito",10.00
arvoredo,10.00
"monte verde",10.00
"padre bernardo",10.00
"agua nova",10.00
guamare,10.00
"caxambu do sul",10.00
esmeralda,10.00
chaval,10.00
pirambu,10.00
montauri,10.00
"sao joao do itaperiu",10.00
iacri,10.00
vazante,15.00
"santana do cariri",10.00
"virgem da lapa",10.00
"jequia da praia",10.00
reriutaba,10.00
"santa monica",15.00
curvelandia,20.00
cumari,10.00
"sao joao da mata",15.00
"coronel domingos soares",10.00
teolandia,10.00
marco,13.33
"fatima do sul",10.00
jaupaci,10.00
"ilha grande",10.00
"dores de guanhaes",10.00
"sete barras",12.50
piquerobi,10.00
"campo alegre do fidalgo",20.00
gongogi,10.00
anhandui,10.00
pirauba,10.00
"capela de santana",10.00
apore,10.00
"venda branca",10.00
"santana do manhuacu",10.00
"taquarucu do sul",10.00
ibiara,10.00
galvao,10.00
"santa rita de minas",10.00
"campo florido",20.00
afranio,10.00
"joao ramalho",10.00
"sao joao de pirabas",10.00
"nova lacerda",10.00
"minas do leao",10.00
"tocos do moji",10.00
armazem,10.00
"erval grande",10.00
"delfim moreira",10.00
aquidaba,10.00
mamonas,10.00
"porto grande",10.00
tacuru,10.00
crominia,10.00
"pio xii",10.00
quijingue,10.00
batalha,10.00
arataca,10.00
"pau brasil",20.00
"boa vista do sul",10.00
"bom jesus da serra",10.00
trombas,10.00
"quatro pontes",10.00
itapissuma,10.00
confins,10.00
"boa vista do gurupi",10.00
"salto veloso",10.00
"nova mamore",10.00
"sento se",10.00
itanhanga,10.00
sooretama,14.00
junqueiro,10.00
"agua comprida",10.00
"dom vicoso",10.00
"leopoldo de bulhoes",10.00
"muniz freire",10.00
pendencias,10.00
"vila nova",10.00
iguai,10.00
angical,10.00
"frei lagonegro",20.00
"pirai do norte",10.00
florinia,10.00
martins,10.00
mandirituba,10.00
juti,10.00
"elisio medrado",10.00
vertentes,10.00
jabora,10.00
"sao luis do curu",10.00
"caninde de sao francisco",10.00
jeriquara,10.00
carinhanha,10.00
abaiara,10.00
agudo,10.00
"aguas de santa barbara",10.00
cujubim,10.00
pium,10.00
"bom jesus do araguaia",10.00
aurilandia,10.00
iaras,10.00
"nova cantu",10.00
lucianopolis,20.00
icatu,10.00
tupassi,10.00
parnarama,10.00
"doce grande",10.00
nortelandia,10.00
"matoes do norte",10.00
leopolis,10.00
mondai,15.00
piata,15.00
"mirante da serra",10.00
"rio grande do piaui",10.00
conde,10.00
centenario,10.00
mercedes,15.00
"tenente ananias",10.00
"boa ventura",10.00
botelho,10.00
"cascalho rico",10.00
rubineia,10.00
garruchos,10.00
"caldas brandao",10.00
anage,20.00
agisse,10.00
dormentes,15.00
"sao domingos do maranhao",10.00
"vale real",10.00
picui,10.00
"estrela do sul",10.00
pombos,10.00
"luizlandia do oeste",10.00
curiuva,10.00
aribice,10.00
maranhaozinho,10.00
"nova crixas",10.00
"santa rita do itueto",10.00
taquarana,10.00
oleo,10.00
"pedras de fogo",10.00
"novo itacolomi",20.00
"paulino neves",10.00
"rio dos indios",10.00
groairas,10.00
satuba,10.00
"brejo dos santos",10.00
luziapolis,10.00
"perola independente",10.00
ouvidor,30.00
"santo antonio do canaa",10.00
guatapara,10.00
"sao sebastiao da amoreira",10.00
"tunas do parana",10.00
imigrante,10.00
"dois irmaos do buriti",10.00
potengi,10.00
belmonte,20.00
"guia lopes da laguna",10.00
"santa cruz da conceicao",10.00
jaborandi,10.00
ataleia,10.00
"sao goncalo do para",13.33
"uniao do oeste",10.00
"itatiba do sul",10.00
penaforte,10.00
"laranja da terra",10.00
itau,10.00
muliterno,10.00
botuvera,10.00
"governador dix-sept rosado",10.00
traipu,10.00
moeda,10.00
bemposta,10.00
"morro grande",20.00
mirinzal,13.33
"sao vitor",10.00
bertopolis,10.00
terenos,10.00
"joao dourado",10.00
witmarsum,10.00
"agua preta",10.00
"barao de juparana",10.00
"morro de sao paulo",40.00
brejolandia,10.00
ipiacu,10.00
"aparecida do rio negro",10.00
"santa rita do ibitipoca",10.00
"sao thome das letras",10.00
morpara,10.00
ibateguara,10.00
jampruca,10.00
"campo novo",15.00
"sao jose do campestre",10.00
capoeiras,10.00
turvania,10.00
tabuleiro,15.00
ajapi,10.00
camacho,10.00
"luis correia",10.00
jurema,10.00
riachinho,10.00
lagoa,10.00
brejetuba,10.00
macuco,10.00
"santo antonio de goias",10.00
iguaracu,15.00
"prudencio thomaz",10.00
"tres irmaos",20.00
"ponto belo",10.00
amontada,10.00
cajapio,10.00
antunes,10.00
caem,10.00
urucuia,10.00
medeiros,10.00
itarema,10.00
"sao goncalo do rio das pedras",10.00
macambara,10.00
"santa maria do suacui",10.00
"dom macedo costa",10.00
"boa vista do burica",10.00
"rio espera",10.00
aroeiras,10.00
"doutor camargo",10.00
"general maynard",10.00
castanheiras,10.00
"santo expedito do sul",10.00
"sao domingos das dores",10.00
alagoinha,10.00
acu,13.33
itapetim,15.00
"teixeira soares",40.00
"aparecida de monte alto",10.00
tamboara,10.00
"coronel joao pessoa",10.00
quixelo,10.00
"santa mercedes",15.00
"sao miguel das matas",10.00
formigueiro,10.00
ibiraiaras,10.00
ipe,10.00
remigio,10.00
guimaraes,10.00
"general camara",10.00
"sao luis do paraitinga",10.00
planura,10.00
"serra branca",10.00
umburanas,10.00
lutecia,10.00
"itaguacu da bahia",10.00
ibiraja,10.00
"amparo da serra",10.00
ibirapua,10.00
angicos,10.00
guarara,10.00
itamogi,10.00
peixe,10.00
"governador mangabeira",10.00
terezinha,10.00
"cuite velho",10.00
"amapa do maranhao",10.00
teofilandia,10.00
"luiz alves",10.00
"morro do ferro",10.00
augustinopolis,10.00
ajuricaba,10.00
"riacho de santo antonio",10.00
trabiju,10.00
jiquirica,10.00
ibitira,10.00
jesupolis,10.00
"bandeirantes do tocantins",10.00
pereiras,10.00
arame,10.00
"estrela d'oeste",10.00
caridade,10.00
pacuja,30.00
"poco redondo",20.00
itaquitinga,10.00
jucas,10.00
miravania,10.00
"monte alegre",15.00
"santana de pirapama",10.00
malhador,10.00
anastacio,10.00
"cassia dos coqueiros",10.00
brasileia,30.00
"alto alegre do iguacu",15.00
siriji,10.00
"valao do barro",10.00
"presidente nereu",10.00
"nova vicosa",10.00
"cachoeira do brumado",10.00
igapora,10.00
"pedro gomes",10.00
abadiania,10.00
"capitao poco",10.00
"caldas do jorro",10.00
ferreiros,10.00
"ribeirao cascalheira",10.00
riversul,10.00
alexandra,10.00
assuncao,10.00
"campo bonito",10.00
ourem,10.00
olaria,10.00
crissiumal,10.00
piao,10.00
"abdon batista",20.00
"porto murtinho",10.00
candeal,10.00
"bandeira do sul",20.00
brasopolis,10.00
"campestre do maranhao",10.00
coreau,10.00
"alto sao joao",10.00
"campo alegre de minas",10.00
manfrinopolis,10.00
ulianopolis,10.00
adustina,10.00
ouro,20.00
abatia,10.00
pontalinda,10.00
"capitao andrade",10.00
"ewbank da camara",10.00
"vila rica",13.33
"patrocinio paulista",10.00
"perpetuo socorro",10.00
"santa maria do salto",10.00
manaira,10.00
avai,10.00
ibiajara,10.00
"sao joao do sabugi",10.00
"polo petroquimico de triunfo",10.00
gilbues,10.00
"imbe de minas",10.00
simolandia,10.00
macambira,10.00
"bonito de santa fe",10.00
serro,10.00
maracas,12.00
"simplicio mendes",10.00
igarape-acu,10.00
neopolis,10.00
"ponto novo",20.00
"rio doce",20.00
quadra,10.00
chaveslandia,10.00
varzea,10.00
"flores de goias",10.00
"vista alegre",10.00
ladainha,10.00
portela,10.00
"campos verdes",10.00
aragoiania,10.00
mutunopolis,10.00
ubajara,26.67
"santo antonio dos campos",10.00
"vitoria do jari",10.00
guariroba,10.00
pianco,10.00
inhapi,10.00
potim,10.00
"santa filomena",10.00
"sao felix",10.00
"rio rufino",10.00
"planaltina de goias",10.00
colmeia,10.00
"entre rios do oeste",10.00
cerrito,10.00
"baixa grande",10.00
"campo alegre de lourdes",10.00
"divinopolis de goias",10.00
"sao benedito do rio preto",10.00
serranopolis,10.00
"brotas de macaubas",10.00
tunapolis,10.00
"capela do alto alegre",10.00
"santana dos montes",15.00
fortim,10.00
cairu,10.00
epitaciolandia,10.00
urucania,10.00
"porto calvo",10.00
ipupiara,10.00
"americo de campos",10.00
"sao joao do sobrado",10.00
bora,10.00
"humberto de campos",10.00
"major porto",10.00
"camocim de sao felix",15.00
passagem,10.00
barrocas,10.00
matrincha,10.00
"campina das missoes",10.00
"coronel sapucaia",10.00
"jardim de piranhas",10.00
ubata,30.00
jacigua,10.00
"padre gonzales",10.00
minduri,10.00
amanari,10.00
itaparica,10.00
sinimbu,10.00
piacu,10.00
"santo antonio do leverger",10.00
"ponte alta do norte",10.00
"boa esperanca do iguacu",10.00
tecainda,10.00
"jardim olinda",10.00
alexandria,10.00
filadelfia,10.00
"cerro negro",20.00
queiroz,10.00
"sao jose do goiabal",10.00
purilandia,10.00
felixlandia,10.00
"tomar do geru",10.00
"vicente dutra",10.00
anhumas,10.00
"natividade da serra",10.00
"santa rita de jacutinga",10.00
bertolinia,10.00
mariental,10.00
"nova padua",10.00
ibitita,10.00
cipo,10.00
aramina,10.00
guassusse,10.00
sapopema,10.00
"sao francisco do gloria",10.00
"sao felix do coribe",20.00
"canto do buriti",10.00
"bom jesus das selvas",15.00
"redencao do gurgueia",20.00
"engenheiro balduino",20.00
"santa teresinha",10.00
"mato rico",10.00
nantes,10.00
"pinhal da serra",10.00
"picada cafe",10.00
"bom jardim de goias",10.00
murici,10.00
"fruta de leite",10.00
"praia norte",10.00
palmeirinha,10.00
machadinho,10.00
"pedras altas",10.00
bossoroca,10.00
boquim,10.00
"corrego fundo",10.00
carmesia,10.00
"presidente janio quadros",10.00
"santa leopoldina",10.00
guarapua,10.00
piracema,10.00
"buriti alegre",10.00
"pedra menina",10.00
galinhos,10.00
florania,10.00
"boa vista do cadeado",10.00
"feliz natal",10.00
durande,10.00
"santo inacio",10.00
fenix,10.00
saude,10.00
cristopolis,10.00
mariapolis,10.00
araguana,10.00
retirolandia,10.00
caraibas,10.00
"porto rico",10.00
"ipiranga de goias",10.00
mucurici,20.00
congonhinhas,10.00
"monte santo",10.00
montadas,10.00
"girau do ponciano",10.00
ipueira,10.00
juripiranga,10.00
"brasilandia de minas",10.00
"aguas mornas",10.00
"capao da porteira",10.00
"sacra familia do tingua",10.00
calcado,10.00
"nazare da mata",10.00
"passos maia",10.00
ibitiara,10.00
"nova guataporanga",10.00
mampituba,10.00
"gloria de dourados",20.00
jacareacanga,10.00
barao,10.00
jacuipe,10.00
"passo de camaragibe",20.00
irai,10.00
charrua,10.00
"salto grande",10.00
nonoai,10.00
"sao patricio",10.00
fonseca,10.00
"sao pedro do butia",10.00
igarape-miri,10.00
"isaias coelho",10.00
"candido godoi",60.00
guaraquecaba,10.00
ipaporanga,10.00
angelica,10.00
"alfredo marcondes",10.00
"nova brasilandia d'oeste",10.00
"sao domingos do araguaia",10.00
paial,10.00
"coronel murta",20.00
"porto lucena",10.00
getulina,10.00
"olhos d'agua",10.00
rondon,15.00
itacurussa,10.00
angustura,10.00
"sao francisco do brejao",10.00
"uniao do sul",10.00
"sao luis do quitunde",10.00
"campo magro",20.00
"morro do pilar",10.00
teixeira,10.00
acucena,10.00
divinesia,10.00
"campina do monte alegre",10.00
"monte alverne",10.00
ipecaeta,10.00
"marechal deodoro",10.00
ipuiuna,10.00
arara,10.00
"vicosa do ceara",10.00
mauriti,10.00
alianca,10.00
"osvaldo kroeff",10.00
"conceicao do formoso",10.00
"barra do rio azul",10.00
"cerro grande",10.00
"silveira martins",20.00
"senador la rocque",10.00
"francisco santos",10.00
jamaica,10.00
"frei rogerio",10.00
romelandia,10.00
"bela vista do maranhao",10.00
herculandia,10.00
cidelandia,40.00
"coqueiros do sul",10.00
"morro redondo",10.00
pureza,10.00
"sao sebastiao do rio verde",20.00
"monte gordo",10.00
"cabaceiras do paraguacu",10.00
"sertao santana",10.00
queixada,10.00
itaicaba,10.00
"pinto bandeira",10.00
fragosos,10.00
atalanta,10.00
guiricema,10.00
"almirante tamandare do sul",10.00
"matias olimpio",50.00
"conceicao do almeida",10.00
"bom jesus do amparo",10.00
joaima,10.00
"santo amaro das brotas",10.00
"lindolfo collor",10.00
sideropolis,10.00
"sao nicolau",10.00
"vargem grande do rio pardo",20.00
ibiracu,20.00
irape,10.00
"sanga puita",10.00
acajutiba,10.00
"vitoria das missoes",20.00
"estevao de araujo",10.00
pedranopolis,10.00
aratiba,10.00
sarutaia,10.00
marilac,20.00
"sao joao de petropolis",10.00
"eugenio de castro",10.00
chorozinho,10.00
"sao bento abade",10.00
capitao,20.00
"salinas da margarida",10.00
"missao velha",10.00
matoes,10.00
maquine,10.00
croata,10.00
maribondo,10.00
moema,10.00
itagimirim,10.00
"lagoa dos tres cantos",10.00
"bom jesus do sul",10.00
constantina,10.00
vargeao,10.00
planaltino,20.00
paranapoema,10.00
salobro,10.00
cupira,10.00
massape,10.00
"cruzeiro do iguacu",10.00
patis,10.00
"almino afonso",10.00
carnaubal,10.00
cabeceiras,10.00
"caldeirao grande do piaui",10.00
paripueira,10.00
"paula candido",10.00
"santa maria do herval",10.00
"barra longa",10.00
"buriti do tocantins",10.00
bugre,10.00
"nova santa barbara",10.00
jaguaribara,10.00
"sede alvorada",10.00
jussiape,10.00
"nova guarita",10.00
"bela vista de minas",10.00
barreira,10.00
"nova timboteua",10.00
vicentina,10.00
varzedo,10.00
florida,10.00
cezarina,10.00
"reserva do iguacu",10.00
"conquista d'oeste",10.00
"sete de setembro",10.00
palhano,10.00
perobal,10.00
sape,10.00
montanhas,10.00
fagundes,10.00
"nova araca",10.00
pitimbu,10.00
conrado,10.00
"conceicao do caninde",10.00
"sao sebastiao do paraiba",10.00
"feliz deserto",10.00
aracatu,10.00
lamarao,10.00
"chapadao do lageado",30.00
"sao jorge do oeste",10.00
aiuaba,10.00
pranchita,10.00
"brejo bonito",10.00
"termas de ibira",10.00
"goncalves dias",10.00
anhembi,10.00
cabixi,10.00
goiandira,10.00
"santa clara d'oeste",10.00
areial,10.00
sabaudia,10.00
cajari,10.00
"coite do noia",10.00
agrestina,10.00
"vespasiano correa",10.00
silvano,10.00
unistalda,10.00
mocajuba,10.00
"alvorada do gurgueia",10.00
"sao bentinho",10.00
"senador jose porfirio",10.00
cotipora,10.00
"presidente castello branco",10.00
pavao,10.00
"alto piquiri",10.00
"santana do ipanema",10.00
"sao jose do xingu",10.00
"vila bela da santissima trindade",10.00
"sao mamede",10.00
guairaca,20.00
sambaiba,10.00
japaratuba,10.00
tuiuti,10.00
"tibau do sul",10.00
